Timestamp,Current_Temp,Setpoint,Process_State
2025-06-20 09:35:26,0.0,72.0,IDLE
2025-06-20 09:35:32,0.0,72.0,IDLE
2025-06-20 09:40:00,0.0,72.0,HEATING
2025-06-20 09:42:49,0.0,72.0,IDLE
2025-06-20 09:42:50,0.0,72.0,IDLE
2025-06-20 09:42:51,0.0,72.0,IDLE
2025-06-20 09:42:52,0.0,72.0,IDLE
2025-06-20 09:42:53,0.0,72.0,IDLE
2025-06-20 09:42:54,0.0,72.0,IDLE
2025-06-20 09:42:55,0.0,72.0,IDLE
2025-06-20 09:42:58,0.0,72.0,IDLE
2025-06-20 09:42:59,0.0,72.0,IDLE
2025-06-20 09:43:00,0.0,72.0,IDLE
2025-06-20 09:43:01,0.0,72.0,IDLE
2025-06-20 09:43:02,0.0,72.0,IDLE
2025-06-20 09:43:03,0.0,72.0,HEATING
2025-06-20 09:43:04,0.0,72.0,HEATING
2025-06-20 09:43:05,0.0,72.0,HEATING
2025-06-20 09:43:06,0.0,72.0,HEATING
2025-06-20 09:43:07,0.0,72.0,HEATING
2025-06-20 09:43:08,0.0,72.0,HEATING
2025-06-20 09:43:09,0.0,72.0,HEATING
2025-06-20 09:43:10,0.0,72.0,HEATING
2025-06-20 09:43:11,0.0,72.0,HEATING
2025-06-20 09:43:12,0.0,72.0,HEATING
2025-06-20 09:43:13,0.0,72.0,HEATING
2025-06-20 09:43:14,0.0,72.0,HEATING
2025-06-20 09:43:15,0.0,72.0,HEATING
2025-06-20 09:43:16,0.0,72.0,HEATING
2025-06-20 09:43:17,0.0,72.0,HEATING
2025-06-20 09:43:18,0.0,72.0,HEATING
2025-06-20 09:43:19,0.0,72.0,HEATING
2025-06-20 09:43:20,0.0,72.0,HEATING
2025-06-20 09:43:21,0.0,72.0,HEATING
2025-06-20 09:43:22,0.0,72.0,HEATING
2025-06-20 09:43:23,0.0,72.0,HEATING
2025-06-20 09:43:24,0.0,72.0,HEATING
2025-06-20 09:43:25,0.0,72.0,HEATING
2025-06-20 09:43:26,0.0,72.0,HEATING
2025-06-20 09:43:27,0.0,72.0,HEATING
2025-06-20 09:43:28,0.0,72.0,HEATING
2025-06-20 09:43:29,0.0,72.0,HEATING
2025-06-20 09:43:30,0.0,72.0,HEATING
2025-06-20 09:43:31,0.0,72.0,HEATING
2025-06-20 09:43:32,0.0,72.0,HEATING
2025-06-20 09:43:33,0.0,72.0,HEATING
2025-06-20 09:43:34,0.0,72.0,HEATING
2025-06-20 09:43:35,0.0,72.0,HEATING
2025-06-20 09:43:36,0.0,72.0,HEATING
2025-06-20 09:43:37,0.0,72.0,HEATING
2025-06-20 09:46:21,0.0,0.0,72.0,IDLE
2025-06-20 09:46:22,0.0,0.0,72.0,IDLE
2025-06-20 09:46:23,0.0,0.0,72.0,IDLE
2025-06-20 09:46:24,0.0,0.0,72.0,IDLE
2025-06-20 09:46:25,0.0,0.0,72.0,IDLE
2025-06-20 09:46:26,0.0,0.0,72.0,IDLE
2025-06-20 09:46:27,0.0,0.0,72.0,IDLE
2025-06-20 09:46:28,0.0,0.0,72.0,IDLE
2025-06-20 09:46:29,0.0,0.0,72.0,IDLE
2025-06-20 09:46:30,0.0,0.0,72.0,IDLE
2025-06-20 09:46:31,0.0,0.0,72.0,HEATING
2025-06-20 09:46:32,0.0,0.0,72.0,HEATING
2025-06-20 09:46:33,0.0,0.0,72.0,HEATING
2025-06-20 09:46:34,0.0,0.0,72.0,HEATING
2025-06-20 09:46:35,0.0,0.0,72.0,HEATING
2025-06-20 09:46:36,0.0,0.0,72.0,HEATING
2025-06-20 09:46:37,0.0,0.0,72.0,HEATING
2025-06-20 09:46:38,0.0,0.0,72.0,HEATING
2025-06-20 09:46:39,0.0,0.0,72.0,HEATING
2025-06-20 09:46:40,0.0,0.0,72.0,HEATING
2025-06-20 09:46:41,0.0,0.0,72.0,HEATING
2025-06-20 09:46:42,0.0,0.0,72.0,HEATING
2025-06-20 09:46:43,0.0,0.0,72.0,HEATING
2025-06-20 09:46:44,0.0,0.0,72.0,IDLE
2025-06-20 09:46:45,0.0,0.0,72.0,IDLE
2025-06-20 09:46:46,0.0,0.0,72.0,IDLE
2025-06-20 09:46:47,0.0,0.0,72.0,IDLE
2025-06-20 09:46:48,0.0,0.0,72.0,IDLE
2025-06-20 09:46:49,0.0,0.0,72.0,IDLE
2025-06-20 09:46:50,0.0,0.0,72.0,IDLE
2025-06-20 09:46:51,0.0,0.0,72.0,IDLE
2025-06-20 09:46:52,0.0,0.0,72.0,IDLE
2025-06-20 09:46:53,0.0,0.0,72.0,IDLE
2025-06-20 09:46:54,0.0,0.0,72.0,IDLE
2025-06-20 09:46:55,0.0,0.0,72.0,IDLE
2025-06-20 09:46:56,0.0,0.0,72.0,IDLE
2025-06-20 09:46:57,0.0,0.0,72.0,IDLE
2025-06-20 09:46:58,0.0,0.0,72.0,IDLE
2025-06-20 09:46:59,0.0,0.0,72.0,IDLE
2025-06-20 09:47:00,0.0,0.0,72.0,IDLE
2025-06-20 09:47:01,0.0,0.0,72.0,IDLE
2025-06-20 09:47:02,0.0,0.0,72.0,IDLE
2025-06-20 09:47:03,0.0,0.0,72.0,IDLE
2025-06-20 09:47:04,0.0,0.0,72.0,IDLE
2025-06-20 09:47:05,0.0,0.0,72.0,IDLE
2025-06-20 09:47:06,0.0,0.0,72.0,IDLE
2025-06-20 09:47:07,0.0,0.0,72.0,IDLE
2025-06-20 09:47:08,0.0,0.0,72.0,IDLE
2025-06-20 09:47:09,0.0,0.0,72.0,IDLE
2025-06-20 09:47:10,0.0,0.0,72.0,IDLE
2025-06-20 09:47:12,0.0,0.0,72.0,IDLE
2025-06-20 09:47:13,0.0,0.0,72.0,IDLE
2025-06-20 09:47:14,0.0,0.0,72.0,IDLE
2025-06-20 09:47:15,0.0,0.0,72.0,IDLE
2025-06-20 09:47:16,0.0,0.0,72.0,IDLE
2025-06-20 09:47:17,0.0,0.0,72.0,IDLE
2025-06-20 09:47:18,0.0,0.0,72.0,IDLE
2025-06-20 09:47:19,0.0,0.0,72.0,IDLE
2025-06-20 09:47:20,0.0,0.0,72.0,IDLE
2025-06-20 09:47:21,0.0,0.0,72.0,IDLE
2025-06-20 09:47:22,0.0,0.0,72.0,IDLE
2025-06-20 09:47:23,0.0,0.0,72.0,IDLE
2025-06-20 09:47:24,0.0,0.0,72.0,IDLE
2025-06-20 09:47:25,0.0,0.0,72.0,IDLE
2025-06-20 09:47:26,0.0,0.0,72.0,IDLE
2025-06-20 09:47:27,0.0,0.0,72.0,IDLE
2025-06-20 09:47:28,0.0,0.0,72.0,IDLE
2025-06-20 09:47:29,0.0,0.0,72.0,IDLE
2025-06-20 09:47:30,0.0,0.0,72.0,IDLE
2025-06-20 09:47:31,0.0,0.0,72.0,IDLE
2025-06-20 09:47:32,0.0,0.0,72.0,IDLE
2025-06-20 09:47:34,0.0,0.0,72.0,IDLE
2025-06-20 09:47:35,0.0,0.0,72.0,IDLE
2025-06-20 09:47:36,0.0,0.0,72.0,IDLE
2025-06-20 09:47:37,0.0,0.0,72.0,IDLE
2025-06-20 09:47:38,0.0,0.0,72.0,IDLE
2025-06-20 09:47:39,0.0,0.0,72.0,IDLE
2025-06-20 09:47:40,0.0,0.0,72.0,IDLE
2025-06-20 09:47:41,0.0,0.0,72.0,IDLE
2025-06-20 09:47:42,0.0,0.0,72.0,IDLE
2025-06-20 09:47:43,0.0,0.0,72.0,IDLE
2025-06-20 09:47:44,0.0,0.0,72.0,IDLE
2025-06-20 09:47:45,0.0,0.0,72.0,IDLE
2025-06-20 09:47:46,0.0,0.0,72.0,IDLE
2025-06-20 09:47:47,0.0,0.0,72.0,IDLE
2025-06-20 09:47:49,0.0,0.0,72.0,IDLE
2025-06-20 09:47:50,0.0,0.0,72.0,IDLE
2025-06-20 09:47:51,0.0,0.0,72.0,IDLE
2025-06-20 09:47:52,0.0,0.0,72.0,IDLE
2025-06-20 09:47:53,0.0,0.0,72.0,IDLE
2025-06-20 09:47:54,0.0,0.0,72.0,IDLE
2025-06-20 09:47:55,0.0,0.0,72.0,IDLE
2025-06-20 09:47:56,0.0,0.0,72.0,IDLE
2025-06-20 09:47:57,0.0,0.0,72.0,IDLE
2025-06-20 09:47:58,0.0,0.0,72.0,IDLE
2025-06-20 09:47:59,0.0,0.0,72.0,IDLE
2025-06-20 09:48:00,0.0,0.0,72.0,IDLE
2025-06-20 09:48:02,0.0,0.0,72.0,IDLE
2025-06-20 09:48:03,0.0,0.0,72.0,IDLE
2025-06-20 09:48:04,0.0,0.0,72.0,IDLE
2025-06-20 09:48:05,0.0,0.0,72.0,IDLE
2025-06-20 09:48:06,0.0,0.0,72.0,IDLE
2025-06-20 09:48:08,0.0,0.0,72.0,IDLE
2025-06-20 09:48:09,0.0,0.0,72.0,IDLE
2025-06-20 09:48:10,0.0,0.0,72.0,IDLE
2025-06-20 09:48:11,0.0,0.0,72.0,IDLE
2025-06-20 09:48:12,0.0,0.0,72.0,IDLE
2025-06-20 09:48:13,0.0,0.0,72.0,IDLE
2025-06-20 09:48:14,0.0,0.0,72.0,IDLE
2025-06-20 09:48:15,0.0,0.0,72.0,IDLE
2025-06-20 09:48:16,0.0,0.0,72.0,IDLE
2025-06-20 09:48:17,0.0,0.0,72.0,IDLE
2025-06-20 09:48:18,0.0,0.0,72.0,IDLE
2025-06-20 09:48:19,0.0,0.0,72.0,IDLE
2025-06-20 09:48:20,0.0,0.0,72.0,IDLE
2025-06-20 09:48:21,0.0,0.0,72.0,IDLE
2025-06-20 09:48:23,0.0,0.0,72.0,IDLE
2025-06-20 09:48:24,0.0,0.0,72.0,IDLE
2025-06-20 09:48:25,0.0,0.0,72.0,IDLE
2025-06-20 09:48:26,0.0,0.0,72.0,IDLE
2025-06-20 09:48:27,0.0,0.0,72.0,IDLE
2025-06-20 09:48:28,0.0,0.0,72.0,IDLE
2025-06-20 09:48:29,0.0,0.0,72.0,IDLE
2025-06-20 09:48:30,0.0,0.0,72.0,IDLE
2025-06-20 09:48:31,0.0,0.0,72.0,IDLE
2025-06-20 09:48:32,0.0,0.0,72.0,IDLE
2025-06-20 09:48:33,0.0,0.0,72.0,IDLE
2025-06-20 09:48:34,0.0,0.0,72.0,IDLE
2025-06-20 09:48:35,0.0,0.0,72.0,IDLE
2025-06-20 09:48:36,0.0,0.0,72.0,IDLE
2025-06-20 09:48:37,0.0,0.0,72.0,IDLE
2025-06-20 09:48:38,0.0,0.0,72.0,IDLE
2025-06-20 09:48:39,0.0,0.0,72.0,IDLE
2025-06-20 09:48:40,0.0,0.0,72.0,IDLE
2025-06-20 09:48:41,0.0,0.0,72.0,IDLE
2025-06-20 09:48:42,0.0,0.0,72.0,IDLE
2025-06-20 09:48:43,0.0,0.0,72.0,IDLE
2025-06-20 09:48:44,0.0,0.0,72.0,IDLE
2025-06-20 09:48:45,0.0,0.0,72.0,IDLE
2025-06-20 09:48:46,0.0,0.0,72.0,IDLE
2025-06-20 09:48:47,0.0,0.0,72.0,IDLE
2025-06-20 09:48:48,0.0,0.0,72.0,IDLE
2025-06-20 09:48:49,0.0,0.0,72.0,IDLE
2025-06-20 09:48:50,0.0,0.0,72.0,IDLE
2025-06-20 09:48:51,0.0,0.0,72.0,IDLE
2025-06-20 09:48:52,0.0,0.0,72.0,IDLE
2025-06-20 09:48:53,0.0,0.0,72.0,IDLE
2025-06-20 09:48:55,0.0,0.0,72.0,IDLE
2025-06-20 09:49:13,25.0,25.0,72.0,IDLE
2025-06-20 09:49:14,25.0,25.0,72.0,IDLE
2025-06-20 09:49:15,25.0,25.0,72.0,IDLE
2025-06-20 09:49:16,25.0,25.0,72.0,IDLE
2025-06-20 09:49:17,25.0,25.0,72.0,IDLE
2025-06-20 09:49:18,25.0,25.0,72.0,IDLE
2025-06-20 09:49:19,25.0,25.0,72.0,IDLE
2025-06-20 09:49:20,25.0,25.0,72.0,IDLE
2025-06-20 09:49:21,25.0,25.0,72.0,HEATING
2025-06-20 09:49:22,25.3,25.3,72.0,HEATING
2025-06-20 09:49:23,25.5,25.6,72.0,HEATING
2025-06-20 09:49:24,25.8,25.9,72.0,HEATING
2025-06-20 09:49:25,26.1,26.2,72.0,HEATING
2025-06-20 09:49:27,26.3,26.5,72.0,HEATING
2025-06-20 09:49:28,26.6,26.8,72.0,HEATING
2025-06-20 09:49:29,26.9,27.1,72.0,HEATING
2025-06-20 09:49:30,27.2,27.4,72.0,HEATING
2025-06-20 09:49:31,27.4,27.7,72.0,HEATING
2025-06-20 09:49:32,27.7,28.0,72.0,HEATING
2025-06-20 09:49:33,28.0,28.3,72.0,HEATING
2025-06-20 09:49:34,28.2,28.6,72.0,HEATING
2025-06-20 09:49:35,28.5,28.9,72.0,HEATING
2025-06-20 09:49:36,28.8,29.2,72.0,HEATING
2025-06-20 09:49:37,29.0,29.5,72.0,HEATING
2025-06-20 09:49:38,29.3,29.8,72.0,HEATING
2025-06-20 09:49:39,29.6,30.1,72.0,HEATING
2025-06-20 09:49:40,29.9,30.4,72.0,HEATING
2025-06-20 09:49:41,30.1,30.7,72.0,HEATING
2025-06-20 09:49:42,30.4,31.0,72.0,HEATING
2025-06-20 09:49:43,30.7,31.3,72.0,HEATING
2025-06-20 09:49:44,30.9,31.6,72.0,HEATING
2025-06-20 09:49:45,31.2,31.9,72.0,HEATING
2025-06-20 09:49:46,31.5,32.2,72.0,HEATING
2025-06-20 09:49:47,31.7,32.5,72.0,HEATING
2025-06-20 09:49:48,32.0,32.8,72.0,HEATING
2025-06-20 09:49:49,32.3,33.1,72.0,HEATING
2025-06-20 09:49:50,32.6,33.4,72.0,HEATING
2025-06-20 09:49:51,32.8,33.7,72.0,HEATING
2025-06-20 09:49:52,33.1,34.0,72.0,HEATING
2025-06-20 09:49:53,33.4,34.3,72.0,HEATING
2025-06-20 09:49:54,33.6,34.6,72.0,HEATING
2025-06-20 09:49:56,33.9,34.9,72.0,HEATING
2025-06-20 09:49:57,34.2,35.5,72.0,HEATING
2025-06-20 09:49:58,34.7,35.8,72.0,HEATING
2025-06-20 09:49:59,35.0,36.1,72.0,HEATING
2025-06-20 09:50:00,35.3,36.4,72.0,HEATING
2025-06-20 09:50:01,35.5,36.7,72.0,HEATING
2025-06-20 09:50:02,35.8,37.0,72.0,HEATING
2025-06-20 09:50:03,36.1,37.3,72.0,HEATING
2025-06-20 09:50:04,36.3,37.6,72.0,HEATING
2025-06-20 09:50:05,36.6,37.9,72.0,HEATING
2025-06-20 09:50:06,36.9,38.2,72.0,HEATING
2025-06-20 09:50:07,37.2,38.5,72.0,HEATING
2025-06-20 09:50:08,37.4,38.8,72.0,HEATING
2025-06-20 09:50:09,37.7,39.1,72.0,HEATING
2025-06-20 09:50:10,38.0,39.4,72.0,HEATING
2025-06-20 09:50:11,38.2,39.7,72.0,HEATING
2025-06-20 09:50:12,38.5,40.0,72.0,HEATING
2025-06-20 09:50:13,38.8,40.3,72.0,HEATING
2025-06-20 09:50:14,39.0,40.6,72.0,HEATING
2025-06-20 09:50:15,39.3,40.9,72.0,HEATING
2025-06-20 09:50:16,39.6,41.2,72.0,HEATING
2025-06-20 09:50:17,39.9,41.5,72.0,HEATING
2025-06-20 09:50:18,40.1,41.8,72.0,HEATING
2025-06-20 09:50:19,40.4,42.1,72.0,HEATING
2025-06-20 09:50:20,40.7,42.4,72.0,HEATING
2025-06-20 09:50:21,40.9,42.7,72.0,HEATING
2025-06-20 09:50:22,41.2,43.0,72.0,HEATING
2025-06-20 09:50:24,41.5,43.3,72.0,HEATING
2025-06-20 09:50:25,41.7,43.9,72.0,HEATING
2025-06-20 09:50:26,42.3,44.2,72.0,HEATING
2025-06-20 09:50:27,42.6,44.5,72.0,HEATING
2025-06-20 09:50:28,42.8,44.8,72.0,HEATING
2025-06-20 09:50:29,43.1,45.1,72.0,HEATING
2025-06-20 09:50:30,43.4,45.4,72.0,HEATING
2025-06-20 09:50:31,43.6,45.7,72.0,HEATING
2025-06-20 09:50:32,43.9,46.0,72.0,HEATING
2025-06-20 09:50:33,44.2,46.3,72.0,HEATING
2025-06-20 09:50:34,44.4,46.6,72.0,HEATING
2025-06-20 09:50:35,44.7,46.9,72.0,HEATING
2025-06-20 09:50:36,45.0,47.2,72.0,HEATING
2025-06-20 09:50:37,45.3,47.5,72.0,HEATING
2025-06-20 09:50:38,45.5,47.8,72.0,HEATING
2025-06-20 09:50:39,45.8,48.1,72.0,HEATING
2025-06-20 09:50:41,46.1,48.4,72.0,HEATING
2025-06-20 09:50:42,46.3,49.0,72.0,HEATING
2025-06-20 09:50:43,46.9,49.3,72.0,HEATING
2025-06-20 09:50:44,47.1,49.6,72.0,HEATING
2025-06-20 09:50:45,47.4,49.9,72.0,HEATING
2025-06-20 09:50:46,47.7,50.2,72.0,HEATING
2025-06-20 09:50:47,48.0,50.5,72.0,HEATING
2025-06-20 09:50:48,48.2,50.8,72.0,HEATING
2025-06-20 09:50:49,48.5,51.1,72.0,HEATING
2025-06-20 09:50:50,48.8,51.4,72.0,HEATING
2025-06-20 09:50:51,49.0,51.7,72.0,HEATING
2025-06-20 09:50:52,49.3,52.0,72.0,HEATING
2025-06-20 09:50:53,49.6,52.3,72.0,HEATING
2025-06-20 09:50:54,49.8,52.6,72.0,HEATING
2025-06-20 09:50:55,50.1,52.9,72.0,HEATING
2025-06-20 09:50:56,50.4,53.2,72.0,HEATING
2025-06-20 09:50:57,50.7,53.5,72.0,HEATING
2025-06-20 09:50:59,50.9,53.8,72.0,HEATING
2025-06-20 09:51:00,51.2,54.1,72.0,HEATING
2025-06-20 09:51:01,51.5,54.7,72.0,HEATING
2025-06-20 09:51:02,52.0,55.0,72.0,HEATING
2025-06-20 09:51:03,52.3,55.3,72.0,HEATING
2025-06-20 09:51:04,52.5,55.6,72.0,HEATING
2025-06-20 09:51:05,52.8,55.9,72.0,HEATING
2025-06-20 09:51:06,53.1,56.2,72.0,HEATING
2025-06-20 09:51:07,53.4,56.5,72.0,HEATING
2025-06-20 09:51:08,53.6,56.8,72.0,HEATING
2025-06-20 09:51:09,53.9,57.1,72.0,HEATING
2025-06-20 09:51:10,54.2,57.4,72.0,HEATING
2025-06-20 09:51:11,54.4,57.7,72.0,HEATING
2025-06-20 09:51:12,54.7,58.0,72.0,HEATING
2025-06-20 09:51:13,55.0,58.3,72.0,HEATING
2025-06-20 09:51:14,55.2,58.6,72.0,HEATING
2025-06-20 09:51:15,55.5,58.9,72.0,HEATING
2025-06-20 09:51:16,55.8,59.2,72.0,HEATING
2025-06-20 09:51:17,56.1,59.5,72.0,HEATING
2025-06-20 09:51:18,56.3,59.8,72.0,HEATING
2025-06-20 09:51:19,56.6,60.1,72.0,HEATING
2025-06-20 09:51:20,56.9,60.4,72.0,HEATING
2025-06-20 09:51:21,57.1,60.7,72.0,HEATING
2025-06-20 09:51:22,57.4,61.0,72.0,HEATING
2025-06-20 09:51:23,57.7,61.3,72.0,HEATING
2025-06-20 09:51:24,57.9,61.6,72.0,HEATING
2025-06-20 09:51:25,58.2,61.9,72.0,HEATING
2025-06-20 09:51:26,58.5,62.2,72.0,HEATING
2025-06-20 09:51:27,58.8,62.5,72.0,HEATING
2025-06-20 09:51:28,59.0,62.8,72.0,HEATING
2025-06-20 09:51:29,59.3,63.1,72.0,HEATING
2025-06-20 09:51:30,59.6,63.4,72.0,HEATING
2025-06-20 09:51:31,59.8,63.7,72.0,HEATING
2025-06-20 09:51:32,60.1,64.0,72.0,HEATING
2025-06-20 09:51:33,60.4,64.3,72.0,HEATING
2025-06-20 09:51:34,60.6,64.6,72.0,HEATING
2025-06-20 09:51:35,60.9,64.9,72.0,HEATING
2025-06-20 09:51:36,61.2,65.2,72.0,HEATING
2025-06-20 09:51:37,61.5,65.5,72.0,HEATING
2025-06-20 09:51:38,61.7,65.8,72.0,HEATING
2025-06-20 09:51:39,62.0,66.1,72.0,HEATING
2025-06-20 09:51:40,62.3,66.4,72.0,HEATING
2025-06-20 09:51:41,62.5,66.7,72.0,HEATING
2025-06-20 09:51:42,62.8,67.0,72.0,HEATING
2025-06-20 09:51:43,63.1,67.3,72.0,HEATING
2025-06-20 09:51:44,63.3,67.6,72.0,HEATING
2025-06-20 09:51:45,63.6,67.9,72.0,HEATING
2025-06-20 09:51:46,63.9,68.2,72.0,HEATING
2025-06-20 09:51:47,64.2,68.5,72.0,HEATING
2025-06-20 09:51:48,64.4,68.8,72.0,HEATING
2025-06-20 09:51:49,64.7,69.1,72.0,HEATING
2025-06-20 09:51:50,65.0,69.4,72.0,HEATING
2025-06-20 09:51:51,65.2,69.7,72.0,HEATING
2025-06-20 09:51:52,65.5,70.0,72.0,HEATING
2025-06-20 09:51:53,65.8,70.3,72.0,HEATING
2025-06-20 09:51:55,66.0,70.6,72.0,HEATING
2025-06-20 09:51:56,66.3,70.9,72.0,HEATING
2025-06-20 09:51:57,66.6,71.2,72.0,HEATING
2025-06-20 09:51:58,66.9,71.5,72.0,HEATING
2025-06-20 09:51:59,67.1,71.8,72.0,HEATING
2025-06-20 09:52:00,67.4,72.1,72.0,HEATING
2025-06-20 09:52:01,67.7,72.4,72.0,HEATING
2025-06-20 09:52:02,67.9,72.7,72.0,HEATING
2025-06-20 09:52:03,68.2,73.0,72.0,HEATING
2025-06-20 09:52:04,68.5,73.3,72.0,HEATING
2025-06-20 09:52:05,68.7,73.6,72.0,HEATING
2025-06-20 09:52:06,69.0,74.2,72.0,HEATING
2025-06-20 09:52:07,69.6,74.5,72.0,HEATING
2025-06-20 09:52:08,69.8,74.8,72.0,HEATING
2025-06-20 09:52:09,70.1,75.1,72.0,HEATING
2025-06-20 09:52:10,70.4,75.4,72.0,HEATING
2025-06-20 09:52:11,70.6,75.7,72.0,HEATING
2025-06-20 09:52:12,70.9,76.0,72.0,HEATING
2025-06-20 09:52:13,71.2,76.3,72.0,HEATING
2025-06-20 09:52:14,71.4,76.6,72.0,HEATING
2025-06-20 09:52:15,71.7,76.9,72.0,HEATING
2025-06-20 09:52:16,72.0,77.2,72.0,HOLDING
2025-06-20 09:52:17,72.3,77.5,72.0,HOLDING
2025-06-20 09:52:18,72.5,77.8,72.0,HOLDING
2025-06-20 09:52:19,72.8,78.1,72.0,HOLDING
2025-06-20 09:52:20,73.1,78.4,72.0,HOLDING
2025-06-20 09:52:21,73.3,78.7,72.0,HOLDING
2025-06-20 09:52:22,73.6,79.0,72.0,HOLDING
2025-06-20 09:52:23,73.9,79.3,72.0,HOLDING
2025-06-20 09:52:24,74.1,79.6,72.0,HOLDING
2025-06-20 09:52:25,74.4,79.9,72.0,HOLDING
2025-06-20 09:52:26,74.7,80.2,72.0,HOLDING
2025-06-20 09:52:27,75.0,80.5,72.0,HOLDING
2025-06-20 09:52:28,75.2,80.8,72.0,HOLDING
2025-06-20 09:52:29,75.5,81.1,72.0,HOLDING
2025-06-20 09:52:30,75.8,81.4,72.0,HOLDING
2025-06-20 09:52:31,76.0,81.7,72.0,HOLDING
2025-06-20 09:52:32,76.3,82.0,72.0,HOLDING
2025-06-20 09:52:33,76.6,82.3,72.0,HOLDING
2025-06-20 09:52:34,76.8,82.6,72.0,HOLDING
2025-06-20 09:52:35,77.1,82.9,72.0,HOLDING
2025-06-20 09:52:36,77.4,83.2,72.0,HOLDING
2025-06-20 09:52:38,77.7,83.5,72.0,HOLDING
2025-06-20 09:52:39,77.9,83.8,72.0,HOLDING
2025-06-20 09:52:40,78.2,84.1,72.0,HOLDING
2025-06-20 09:52:41,78.5,84.4,72.0,HOLDING
2025-06-20 09:52:42,78.7,84.7,72.0,HOLDING
2025-06-20 09:52:43,79.0,85.0,72.0,HOLDING
2025-06-20 09:52:44,79.3,85.3,72.0,HOLDING
2025-06-20 09:52:45,79.5,85.6,72.0,HOLDING
2025-06-20 09:52:46,79.8,85.9,72.0,HOLDING
2025-06-20 09:52:47,79.8,85.6,32.0,COOLING
2025-06-20 09:52:48,79.8,85.4,32.0,COOLING
2025-06-20 09:52:49,79.8,85.1,32.0,COOLING
2025-06-20 09:52:50,79.8,84.9,32.0,COOLING
2025-06-20 09:52:51,79.8,84.6,32.0,COOLING
2025-06-20 09:52:52,79.8,84.4,32.0,COOLING
2025-06-20 09:52:53,79.8,84.1,32.0,COOLING
2025-06-20 09:52:54,79.8,83.9,32.0,COOLING
2025-06-20 09:52:55,79.8,83.6,32.0,COOLING
2025-06-20 09:52:56,79.8,83.4,32.0,COOLING
2025-06-20 09:52:57,79.8,83.1,32.0,COOLING
2025-06-20 09:52:58,79.8,82.9,32.0,COOLING
2025-06-20 09:52:59,79.8,82.6,32.0,COOLING
2025-06-20 09:53:00,79.8,82.4,32.0,COOLING
2025-06-20 09:53:01,79.8,82.1,32.0,COOLING
2025-06-20 09:53:02,79.8,81.9,32.0,COOLING
2025-06-20 09:53:03,79.8,81.6,32.0,COOLING
2025-06-20 09:53:04,79.8,81.4,32.0,COOLING
2025-06-20 09:53:05,79.8,81.1,32.0,COOLING
2025-06-20 09:53:06,79.8,80.9,32.0,COOLING
2025-06-20 09:53:07,79.8,80.6,32.0,COOLING
2025-06-20 09:53:08,79.8,80.4,32.0,COOLING
2025-06-20 09:53:09,79.8,80.1,32.0,COOLING
2025-06-20 09:53:10,79.8,79.9,32.0,COOLING
2025-06-20 09:53:11,79.6,79.6,32.0,COOLING
2025-06-20 09:53:12,79.4,79.4,32.0,COOLING
2025-06-20 09:53:13,79.2,79.1,32.0,COOLING
2025-06-20 09:53:14,79.0,78.9,32.0,COOLING
2025-06-20 09:53:15,78.8,78.6,32.0,COOLING
2025-06-20 09:53:16,78.6,78.4,32.0,COOLING
2025-06-20 09:53:17,78.4,78.1,32.0,COOLING
2025-06-20 09:53:18,78.2,77.9,32.0,COOLING
2025-06-20 09:53:19,78.0,77.6,32.0,COOLING
2025-06-20 09:53:20,77.8,77.4,32.0,COOLING
2025-06-20 09:53:21,77.6,77.1,32.0,COOLING
2025-06-20 09:53:22,77.4,76.9,32.0,COOLING
2025-06-20 09:53:23,77.2,76.6,32.0,COOLING
2025-06-20 09:53:24,77.0,76.4,32.0,COOLING
2025-06-20 09:53:25,76.8,76.1,32.0,COOLING
2025-06-20 09:53:26,76.6,75.9,32.0,COOLING
2025-06-20 09:53:27,76.4,75.6,32.0,COOLING
2025-06-20 09:53:28,76.2,75.4,32.0,COOLING
2025-06-20 09:53:29,76.0,75.1,32.0,COOLING
2025-06-20 09:53:30,75.8,74.9,32.0,COOLING
2025-06-20 09:53:31,75.6,74.6,32.0,COOLING
2025-06-20 09:53:32,75.4,74.4,32.0,COOLING
2025-06-20 09:53:33,75.2,74.1,32.0,COOLING
2025-06-20 09:53:34,75.0,73.9,32.0,COOLING
2025-06-20 09:53:35,74.8,73.6,32.0,COOLING
2025-06-20 09:53:36,74.6,73.4,32.0,COOLING
2025-06-20 09:53:37,74.4,73.1,32.0,COOLING
2025-06-20 09:53:38,74.2,72.9,32.0,COOLING
2025-06-20 09:53:39,74.0,72.6,32.0,COOLING
2025-06-20 09:53:40,73.8,72.4,32.0,COOLING
2025-06-20 09:53:41,73.6,72.1,32.0,COOLING
2025-06-20 09:53:42,73.4,71.9,32.0,COOLING
2025-06-20 09:53:43,73.2,71.6,32.0,COOLING
2025-06-20 09:53:44,73.0,71.4,32.0,COOLING
2025-06-20 09:53:45,72.8,71.1,32.0,COOLING
2025-06-20 09:53:46,72.6,70.9,32.0,COOLING
2025-06-20 09:53:47,72.4,70.6,32.0,COOLING
2025-06-20 09:53:48,72.2,70.4,32.0,COOLING
2025-06-20 09:53:49,72.0,70.1,32.0,COOLING
2025-06-20 09:53:50,71.8,69.9,32.0,IDLE
2025-06-20 09:53:52,71.6,69.6,32.0,IDLE
2025-06-20 09:53:53,71.4,69.4,32.0,IDLE
2025-06-20 09:53:54,71.2,69.1,32.0,IDLE
2025-06-20 09:53:55,71.0,68.9,32.0,IDLE
2025-06-20 09:53:56,70.8,68.6,32.0,IDLE
2025-06-20 09:53:57,70.6,68.4,32.0,IDLE
2025-06-20 09:53:58,70.4,68.1,32.0,IDLE
2025-06-20 09:53:59,70.2,67.9,32.0,IDLE
2025-06-20 09:54:00,70.0,67.6,32.0,IDLE
2025-06-20 09:54:01,69.8,67.4,32.0,IDLE
2025-06-20 09:54:02,69.6,67.1,32.0,IDLE
2025-06-20 09:54:03,69.4,66.9,32.0,IDLE
2025-06-20 09:54:04,69.2,66.6,32.0,IDLE
2025-06-20 09:54:05,69.0,66.4,32.0,IDLE
2025-06-20 09:54:06,68.8,66.1,32.0,IDLE
2025-06-20 09:54:07,68.6,65.9,32.0,IDLE
2025-06-20 09:54:08,68.4,65.6,32.0,IDLE
2025-06-20 09:54:09,68.2,65.1,32.0,IDLE
2025-06-20 09:54:10,67.8,64.9,32.0,IDLE
2025-06-20 09:54:11,67.6,64.6,72.0,IDLE
2025-06-20 09:54:12,67.6,64.9,72.0,IDLE
2025-06-20 09:54:13,67.6,65.2,72.0,IDLE
2025-06-20 09:54:14,67.6,65.5,72.0,IDLE
2025-06-20 09:54:15,67.6,65.8,72.0,IDLE
2025-06-20 09:54:16,67.6,66.1,72.0,IDLE
2025-06-20 09:54:17,67.6,66.4,72.0,IDLE
2025-06-20 09:54:18,67.6,66.7,32.0,IDLE
2025-06-20 09:54:19,67.4,66.5,32.0,IDLE
2025-06-20 09:54:20,67.2,66.2,32.0,IDLE
2025-06-20 09:54:21,67.0,66.0,32.0,IDLE
2025-06-20 09:54:22,66.8,65.7,32.0,IDLE
2025-06-20 09:54:23,66.6,65.5,32.0,IDLE
2025-06-20 09:54:24,66.4,65.2,32.0,IDLE
2025-06-20 09:54:25,66.2,65.0,32.0,IDLE
2025-06-20 09:54:26,66.0,64.7,32.0,IDLE
2025-06-20 09:54:27,65.8,64.5,32.0,IDLE
2025-06-20 09:54:28,65.6,64.2,32.0,IDLE
2025-06-20 09:54:29,65.4,64.0,32.0,IDLE
2025-06-20 09:54:30,65.2,63.7,32.0,IDLE
2025-06-20 09:54:31,65.0,63.5,32.0,IDLE
2025-06-20 09:54:32,64.8,63.2,32.0,IDLE
2025-06-20 09:54:33,64.6,63.0,32.0,IDLE
2025-06-20 09:54:34,64.4,62.7,32.0,IDLE
2025-06-20 09:54:35,64.2,62.5,32.0,IDLE
2025-06-20 09:54:36,64.0,62.2,32.0,IDLE
2025-06-20 09:54:37,63.8,62.0,32.0,IDLE
2025-06-20 09:54:38,63.6,61.5,32.0,IDLE
2025-06-20 09:54:40,63.2,61.2,32.0,IDLE
2025-06-20 09:54:41,63.0,61.0,32.0,IDLE
2025-06-20 09:54:42,62.8,60.7,32.0,IDLE
2025-06-20 09:54:43,62.6,60.5,32.0,IDLE
2025-06-20 09:54:44,62.4,60.2,32.0,IDLE
2025-06-20 09:54:45,62.2,60.0,32.0,IDLE
2025-06-20 09:54:46,62.0,59.7,32.0,IDLE
2025-06-20 09:54:47,61.8,59.5,32.0,IDLE
2025-06-20 09:54:48,61.6,59.2,32.0,IDLE
2025-06-20 09:54:49,61.4,59.0,32.0,IDLE
2025-06-20 09:54:50,61.2,58.7,32.0,IDLE
2025-06-20 09:54:51,61.0,58.5,32.0,IDLE
2025-06-20 09:54:52,60.8,58.2,32.0,IDLE
2025-06-20 09:54:53,60.6,58.0,32.0,IDLE
2025-06-20 09:54:54,60.4,57.7,32.0,IDLE
2025-06-20 09:54:55,60.2,57.5,32.0,IDLE
2025-06-20 09:54:56,60.0,57.2,32.0,IDLE
2025-06-20 09:54:57,59.8,57.0,32.0,IDLE
2025-06-20 09:54:58,59.6,56.7,32.0,IDLE
2025-06-20 09:54:59,59.4,56.5,32.0,IDLE
2025-06-20 09:55:00,59.2,56.2,32.0,IDLE
2025-06-20 09:55:01,59.0,56.0,32.0,IDLE
2025-06-20 09:55:02,58.8,55.7,32.0,IDLE
2025-06-20 09:55:03,58.6,55.5,32.0,IDLE
2025-06-20 09:55:04,58.4,55.2,32.0,IDLE
2025-06-20 09:55:05,58.2,55.0,32.0,IDLE
2025-06-20 09:55:06,58.0,54.7,32.0,IDLE
2025-06-20 09:55:07,57.8,54.5,32.0,IDLE
2025-06-20 09:55:08,57.6,54.2,32.0,IDLE
2025-06-20 09:55:09,57.4,54.0,32.0,IDLE
2025-06-20 09:55:10,57.2,53.7,32.0,IDLE
2025-06-20 09:55:11,57.0,53.5,32.0,IDLE
2025-06-20 09:55:12,56.8,53.2,32.0,IDLE
2025-06-20 09:55:13,56.6,53.0,32.0,IDLE
2025-06-20 09:55:14,56.4,52.7,32.0,IDLE
2025-06-20 09:55:15,56.2,52.5,32.0,IDLE
2025-06-20 09:55:16,56.0,52.2,32.0,IDLE
2025-06-20 09:55:17,55.8,52.0,32.0,IDLE
2025-06-20 09:55:18,55.6,51.7,32.0,IDLE
2025-06-20 09:55:19,55.4,51.5,32.0,IDLE
2025-06-20 09:55:20,55.2,51.2,32.0,IDLE
2025-06-20 09:55:21,55.0,51.0,32.0,IDLE
2025-06-20 09:55:22,54.8,50.7,32.0,IDLE
2025-06-20 09:55:23,54.6,50.5,32.0,IDLE
2025-06-20 09:55:24,54.4,50.2,32.0,IDLE
2025-06-20 09:55:25,54.2,50.0,32.0,IDLE
2025-06-20 09:55:26,54.0,49.7,32.0,IDLE
2025-06-20 09:55:27,53.8,49.5,32.0,IDLE
2025-06-20 09:55:28,53.6,49.2,32.0,IDLE
2025-06-20 09:55:29,53.4,49.0,32.0,IDLE
2025-06-20 09:55:30,53.2,48.7,32.0,IDLE
2025-06-20 09:55:31,53.0,48.5,32.0,IDLE
2025-06-20 09:55:32,52.8,48.2,32.0,IDLE
2025-06-20 09:55:33,52.6,48.0,32.0,IDLE
2025-06-20 09:55:34,52.4,47.7,32.0,IDLE
2025-06-20 09:55:35,52.2,47.5,32.0,IDLE
2025-06-20 09:55:36,52.0,47.2,32.0,IDLE
2025-06-20 09:55:37,51.8,47.0,32.0,IDLE
2025-06-20 09:55:38,51.6,46.7,32.0,IDLE
2025-06-20 09:55:39,51.4,46.5,32.0,IDLE
2025-06-20 09:55:41,51.2,46.2,32.0,IDLE
2025-06-20 09:55:42,51.0,45.7,32.0,IDLE
2025-06-20 09:55:43,50.6,45.5,32.0,IDLE
2025-06-20 09:55:44,50.4,45.2,32.0,IDLE
2025-06-20 09:55:45,50.2,45.0,32.0,IDLE
2025-06-20 09:55:46,50.0,44.7,32.0,IDLE
2025-06-20 09:55:47,49.8,44.5,32.0,IDLE
2025-06-20 09:55:48,49.6,44.2,32.0,IDLE
2025-06-20 09:55:49,49.4,44.0,32.0,IDLE
2025-06-20 09:55:50,49.2,43.7,32.0,IDLE
2025-06-20 09:55:51,49.0,43.5,32.0,IDLE
2025-06-20 09:55:52,48.8,43.2,32.0,IDLE
2025-06-20 09:55:53,48.6,43.0,32.0,IDLE
2025-06-20 09:55:54,48.4,42.7,32.0,IDLE
2025-06-20 09:55:55,48.2,42.5,32.0,IDLE
2025-06-20 09:55:56,48.0,42.2,32.0,IDLE
2025-06-20 09:55:57,47.8,42.0,32.0,IDLE
2025-06-20 09:55:58,47.6,41.7,32.0,IDLE
2025-06-20 09:55:59,47.4,41.5,32.0,IDLE
2025-06-20 09:56:00,47.2,41.2,32.0,IDLE
2025-06-20 09:56:01,47.0,41.0,32.0,IDLE
2025-06-20 09:56:02,46.8,40.7,32.0,IDLE
2025-06-20 09:56:03,46.6,40.5,32.0,IDLE
2025-06-20 09:56:04,46.4,40.2,32.0,IDLE
2025-06-20 09:56:05,46.2,40.0,32.0,IDLE
2025-06-20 09:56:06,46.0,39.7,32.0,IDLE
2025-06-20 09:56:07,45.8,39.5,32.0,IDLE
2025-06-20 09:56:08,45.6,39.2,32.0,IDLE
2025-06-20 09:56:09,45.4,39.0,32.0,IDLE
2025-06-20 09:56:10,45.2,38.7,32.0,IDLE
2025-06-20 09:56:11,45.0,38.5,32.0,IDLE
2025-06-20 09:56:12,44.8,38.2,32.0,IDLE
2025-06-20 09:56:13,44.6,38.0,32.0,IDLE
2025-06-20 09:56:14,44.4,37.7,32.0,IDLE
2025-06-20 09:56:15,44.2,37.5,32.0,IDLE
2025-06-20 09:56:16,44.0,37.2,32.0,IDLE
2025-06-20 09:56:17,43.8,37.0,32.0,IDLE
2025-06-20 09:56:18,43.6,36.7,32.0,IDLE
2025-06-20 09:56:19,43.4,36.5,32.0,IDLE
2025-06-20 09:56:20,43.2,36.2,32.0,IDLE
2025-06-20 09:56:21,43.0,36.0,32.0,IDLE
2025-06-20 09:56:22,42.8,35.7,32.0,IDLE
2025-06-20 09:56:23,42.6,35.5,32.0,IDLE
2025-06-20 09:56:24,42.4,35.2,32.0,IDLE
2025-06-20 09:56:25,42.2,35.0,32.0,IDLE
2025-06-20 09:56:26,42.0,34.7,32.0,IDLE
2025-06-20 09:56:27,41.8,34.5,32.0,IDLE
2025-06-20 09:56:28,41.6,34.2,32.0,IDLE
2025-06-20 09:56:29,41.4,34.0,32.0,IDLE
2025-06-20 09:56:30,41.2,33.7,32.0,IDLE
2025-06-20 09:56:31,41.0,33.5,32.0,IDLE
2025-06-20 09:56:32,40.8,33.2,32.0,IDLE
2025-06-20 09:56:33,40.6,33.0,32.0,IDLE
2025-06-20 09:56:34,40.4,32.7,32.0,IDLE
2025-06-20 09:56:35,40.2,32.5,32.0,IDLE
2025-06-20 09:56:36,40.0,32.2,32.0,IDLE
2025-06-20 09:56:37,39.8,32.0,32.0,IDLE
2025-06-20 09:56:38,39.6,31.7,32.0,IDLE
2025-06-20 09:56:39,39.4,31.5,32.0,IDLE
2025-06-20 09:56:40,39.2,31.2,32.0,IDLE
2025-06-20 09:56:41,39.0,31.0,32.0,IDLE
2025-06-20 09:56:42,38.8,30.7,32.0,IDLE
2025-06-20 09:56:43,38.6,30.5,32.0,IDLE
2025-06-20 09:56:44,38.4,30.2,32.0,IDLE
2025-06-20 09:56:45,38.2,30.0,32.0,IDLE
2025-06-20 09:56:47,38.0,29.7,32.0,IDLE
2025-06-20 09:56:48,37.8,29.5,32.0,IDLE
2025-06-20 09:56:49,37.6,29.2,32.0,IDLE
2025-06-20 09:56:50,37.4,29.0,32.0,IDLE
2025-06-20 09:56:51,37.2,28.7,32.0,IDLE
2025-06-20 09:56:52,37.0,28.5,32.0,IDLE
2025-06-20 09:56:53,36.8,28.2,32.0,IDLE
2025-06-20 09:56:54,36.6,28.0,32.0,IDLE
2025-06-20 09:56:55,36.4,27.7,32.0,IDLE
2025-06-20 09:56:56,36.2,27.5,32.0,IDLE
2025-06-20 09:56:57,36.0,27.2,32.0,IDLE
2025-06-20 09:56:58,35.8,27.0,32.0,IDLE
2025-06-20 09:56:59,35.6,26.7,32.0,IDLE
2025-06-20 09:57:00,35.4,26.5,32.0,IDLE
2025-06-20 09:57:01,35.2,26.2,32.0,IDLE
2025-06-20 09:57:02,35.0,26.0,32.0,IDLE
2025-06-20 09:57:03,34.8,25.7,32.0,IDLE
2025-06-20 09:57:04,34.6,25.5,32.0,IDLE
2025-06-20 09:57:05,34.4,25.2,32.0,IDLE
2025-06-20 09:57:06,34.2,25.0,32.0,IDLE
2025-06-20 09:57:07,34.0,24.7,32.0,IDLE
2025-06-20 09:57:08,33.8,24.5,32.0,IDLE
2025-06-20 09:57:09,33.6,24.2,32.0,IDLE
2025-06-20 09:57:10,33.4,24.0,32.0,IDLE
2025-06-20 09:57:11,33.2,23.7,32.0,IDLE
2025-06-20 09:57:12,33.0,23.5,32.0,IDLE
2025-06-20 09:57:13,32.8,23.2,32.0,IDLE
2025-06-20 09:57:14,32.6,23.0,32.0,IDLE
2025-06-20 09:57:15,32.4,22.7,32.0,IDLE
2025-06-20 09:57:16,32.2,22.5,32.0,IDLE
2025-06-20 09:57:17,32.0,22.2,32.0,IDLE
2025-06-20 09:57:18,31.8,22.0,32.0,IDLE
2025-06-20 09:57:19,31.6,21.7,32.0,IDLE
2025-06-20 09:57:20,31.4,21.2,32.0,IDLE
2025-06-20 09:57:21,31.0,21.0,32.0,IDLE
2025-06-20 09:57:22,30.8,20.7,32.0,IDLE
2025-06-20 09:57:23,30.6,20.5,32.0,IDLE
2025-06-20 09:57:24,30.4,20.2,32.0,IDLE
2025-06-20 09:57:25,30.2,20.0,32.0,IDLE
2025-06-20 09:57:26,30.0,19.7,32.0,IDLE
2025-06-20 09:57:27,29.8,19.5,32.0,IDLE
2025-06-20 09:57:28,29.6,19.2,32.0,IDLE
2025-06-20 09:57:29,29.4,19.0,32.0,IDLE
2025-06-20 09:57:30,29.2,18.7,32.0,IDLE
2025-06-20 09:57:31,29.0,18.5,32.0,IDLE
2025-06-20 09:57:32,28.8,18.2,32.0,IDLE
2025-06-20 09:57:33,28.6,18.0,32.0,IDLE
2025-06-20 09:57:34,28.4,17.7,32.0,IDLE
2025-06-20 09:57:35,28.2,17.5,32.0,IDLE
2025-06-20 09:57:36,28.0,17.2,32.0,IDLE
2025-06-20 09:57:37,27.8,17.0,32.0,IDLE
2025-06-20 09:57:38,27.6,16.7,32.0,IDLE
2025-06-20 09:57:39,27.4,16.5,32.0,IDLE
2025-06-20 09:57:40,27.2,16.2,32.0,IDLE
2025-06-20 09:57:41,27.0,16.0,32.0,IDLE
2025-06-20 09:57:42,26.8,15.7,32.0,IDLE
2025-06-20 09:57:43,26.6,15.5,32.0,IDLE
2025-06-20 09:57:44,26.4,15.2,32.0,IDLE
2025-06-20 09:57:46,26.2,15.0,32.0,IDLE
2025-06-20 09:57:47,26.0,14.7,32.0,IDLE
2025-06-20 09:57:48,25.8,14.5,32.0,IDLE
2025-06-20 09:57:49,25.6,14.2,32.0,IDLE
2025-06-20 09:57:50,25.4,14.0,32.0,IDLE
2025-06-20 09:57:51,25.2,13.7,32.0,IDLE
2025-06-20 09:57:52,25.0,13.5,32.0,IDLE
2025-06-20 09:57:53,24.8,13.2,32.0,IDLE
2025-06-20 09:57:54,24.6,13.0,32.0,IDLE
2025-06-20 09:57:55,24.4,12.7,32.0,IDLE
2025-06-20 09:57:56,24.2,12.5,32.0,IDLE
2025-06-20 09:57:57,24.0,12.2,32.0,IDLE
2025-06-20 09:57:58,23.8,12.0,32.0,IDLE
2025-06-20 09:57:59,23.6,11.7,32.0,IDLE
2025-06-20 09:58:00,23.4,11.5,32.0,IDLE
2025-06-20 09:58:01,23.2,11.2,32.0,IDLE
2025-06-20 09:58:02,23.0,11.0,32.0,IDLE
2025-06-20 09:58:03,22.8,10.7,32.0,IDLE
2025-06-20 09:58:04,22.6,10.5,32.0,IDLE
2025-06-20 09:58:05,22.4,10.2,32.0,IDLE
2025-06-20 09:58:06,22.2,10.0,32.0,IDLE
2025-06-20 09:58:07,22.0,9.7,32.0,IDLE
2025-06-20 09:58:08,21.8,9.5,32.0,IDLE
2025-06-20 09:58:09,21.6,9.2,32.0,IDLE
2025-06-20 09:58:10,21.4,9.0,32.0,IDLE
2025-06-20 09:58:11,21.2,8.7,32.0,IDLE
2025-06-20 09:58:12,21.0,8.5,32.0,IDLE
2025-06-20 09:58:13,20.8,8.2,32.0,IDLE
2025-06-20 09:58:14,20.6,8.0,32.0,IDLE
2025-06-20 09:58:15,20.4,7.7,32.0,IDLE
2025-06-20 09:58:16,20.2,7.5,32.0,IDLE
2025-06-20 09:58:17,20.0,7.2,32.0,IDLE
2025-06-20 09:58:18,19.8,7.0,32.0,IDLE
2025-06-20 09:58:19,19.6,6.7,32.0,IDLE
2025-06-20 09:58:20,19.4,6.5,32.0,IDLE
2025-06-20 09:58:21,19.2,6.2,32.0,IDLE
2025-06-20 09:58:22,19.0,6.0,32.0,IDLE
2025-06-20 09:58:23,18.8,5.7,32.0,IDLE
2025-06-20 09:58:24,18.6,5.5,32.0,IDLE
2025-06-20 09:58:25,18.4,5.2,32.0,IDLE
2025-06-20 09:58:26,18.2,5.0,32.0,IDLE
2025-06-20 09:58:27,18.0,4.7,32.0,IDLE
2025-06-20 09:58:28,17.8,4.5,32.0,IDLE
2025-06-20 09:58:29,17.6,4.2,32.0,IDLE
2025-06-20 09:58:30,17.4,4.0,32.0,IDLE
2025-06-20 09:58:31,17.2,3.7,32.0,IDLE
2025-06-20 09:58:32,17.0,3.5,32.0,IDLE
2025-06-20 09:58:33,16.8,3.2,32.0,IDLE
2025-06-20 09:58:34,16.6,3.0,32.0,IDLE
2025-06-20 09:58:35,16.4,2.7,32.0,IDLE
2025-06-20 09:58:36,16.2,2.5,32.0,IDLE
2025-06-20 09:58:37,16.0,2.2,32.0,IDLE
2025-06-20 09:58:38,15.8,2.0,32.0,IDLE
2025-06-20 09:58:39,15.6,1.7,32.0,IDLE
2025-06-20 09:58:40,15.4,1.5,32.0,IDLE
2025-06-20 09:58:41,15.2,1.2,32.0,IDLE
2025-06-20 09:58:42,15.0,1.0,32.0,IDLE
2025-06-20 09:58:43,14.8,0.7,32.0,IDLE
2025-06-20 09:58:44,14.6,0.5,32.0,IDLE
2025-06-20 09:58:45,14.4,0.2,32.0,IDLE
2025-06-20 09:58:46,14.2,0.0,32.0,IDLE
2025-06-20 09:58:47,14.0,0.0,32.0,IDLE
2025-06-20 09:58:48,13.8,0.0,32.0,IDLE
2025-06-20 09:58:49,13.6,0.0,32.0,IDLE
2025-06-20 09:58:50,13.4,0.0,32.0,IDLE
2025-06-20 09:58:51,13.2,0.0,32.0,IDLE
2025-06-20 09:58:52,13.0,0.0,32.0,IDLE
2025-06-20 09:58:53,12.8,0.0,32.0,IDLE
2025-06-20 09:58:54,12.6,0.0,32.0,IDLE
2025-06-20 09:58:55,12.4,0.0,32.0,IDLE
2025-06-20 09:58:56,12.2,0.0,32.0,IDLE
2025-06-20 09:58:57,12.0,0.0,32.0,IDLE
2025-06-20 09:58:58,11.8,0.0,32.0,IDLE
2025-06-20 09:58:59,11.6,0.0,32.0,IDLE
2025-06-20 09:59:00,11.4,0.0,32.0,IDLE
2025-06-20 09:59:01,11.2,0.0,32.0,IDLE
2025-06-20 09:59:02,11.0,0.0,32.0,IDLE
2025-06-20 09:59:03,10.8,0.0,32.0,IDLE
2025-06-20 09:59:04,10.6,0.0,32.0,IDLE
2025-06-20 09:59:05,10.4,0.0,32.0,IDLE
2025-06-20 09:59:07,10.0,0.0,32.0,IDLE
2025-06-20 09:59:08,9.8,0.0,32.0,IDLE
2025-06-20 09:59:09,9.6,0.0,32.0,IDLE
2025-06-20 10:02:28,25.0,25.0,72.0,IDLE
2025-06-20 10:02:29,25.0,25.0,72.0,IDLE
2025-06-20 10:02:30,25.0,25.0,72.0,HEATING
2025-06-20 10:02:31,34.0,35.0,72.0,HEATING
2025-06-20 10:02:32,43.0,45.0,72.0,HEATING
2025-06-20 10:02:33,52.0,55.0,72.0,HEATING
2025-06-20 10:02:34,61.0,65.0,72.0,HEATING
2025-06-20 10:02:35,70.0,75.0,72.0,HEATING
2025-06-20 10:02:36,79.0,85.0,72.0,HEATING
2025-06-20 10:02:37,88.0,95.0,72.0,HOLDING
2025-06-20 10:02:39,97.0,100.0,72.0,HOLDING
2025-06-20 10:02:40,100.0,100.0,72.0,HOLDING
2025-06-20 10:02:41,100.0,100.0,72.0,HOLDING
2025-06-20 10:02:42,100.0,100.0,72.0,IDLE
2025-06-20 10:02:43,100.0,100.0,72.0,IDLE
2025-06-20 10:02:44,100.0,100.0,72.0,IDLE
2025-06-20 10:02:45,100.0,100.0,72.0,IDLE
2025-06-20 10:02:46,100.0,100.0,72.0,IDLE
2025-06-20 10:02:47,100.0,100.0,72.0,IDLE
2025-06-20 10:02:48,100.0,100.0,72.0,IDLE
2025-06-20 10:02:49,100.0,100.0,72.0,IDLE
2025-06-20 10:02:50,100.0,100.0,72.0,IDLE
2025-06-20 10:02:51,100.0,100.0,72.0,IDLE
2025-06-20 10:02:52,100.0,100.0,72.0,IDLE
2025-06-20 10:02:53,100.0,100.0,72.0,IDLE
2025-06-20 10:02:54,100.0,100.0,72.0,IDLE
2025-06-20 10:02:55,100.0,100.0,72.0,IDLE
2025-06-20 10:02:56,100.0,100.0,72.0,IDLE
2025-06-20 10:02:57,100.0,100.0,72.0,IDLE
2025-06-20 10:02:58,100.0,100.0,72.0,IDLE
2025-06-20 10:02:59,100.0,100.0,72.0,IDLE
2025-06-20 10:03:00,100.0,100.0,72.0,IDLE
2025-06-20 10:03:01,100.0,100.0,72.0,IDLE
2025-06-20 10:03:02,100.0,100.0,72.0,IDLE
2025-06-20 10:03:03,100.0,100.0,72.0,IDLE
2025-06-20 10:03:04,100.0,100.0,72.0,IDLE
2025-06-20 10:03:05,100.0,100.0,72.0,IDLE
2025-06-20 10:03:06,100.0,100.0,72.0,IDLE
2025-06-20 10:03:07,100.0,100.0,72.0,IDLE
2025-06-20 10:03:08,100.0,100.0,72.0,IDLE
2025-06-20 10:03:09,100.0,100.0,72.0,IDLE
2025-06-20 10:03:10,100.0,100.0,72.0,IDLE
2025-06-20 10:03:11,100.0,100.0,72.0,IDLE
2025-06-20 10:03:12,100.0,100.0,72.0,IDLE
2025-06-20 10:03:13,100.0,100.0,72.0,IDLE
2025-06-20 10:03:15,100.0,100.0,72.0,IDLE
2025-06-20 10:03:16,100.0,100.0,72.0,IDLE
2025-06-20 10:03:17,100.0,100.0,72.0,IDLE
2025-06-20 10:03:18,100.0,100.0,72.0,IDLE
2025-06-20 10:03:19,100.0,100.0,72.0,IDLE
2025-06-20 10:03:20,100.0,100.0,72.0,IDLE
2025-06-20 10:03:21,100.0,100.0,72.0,IDLE
2025-06-20 10:03:22,100.0,100.0,72.0,IDLE
2025-06-20 10:03:23,100.0,100.0,72.0,IDLE
2025-06-20 10:03:24,100.0,100.0,72.0,IDLE
2025-06-20 10:03:25,100.0,100.0,72.0,IDLE
2025-06-20 10:03:26,100.0,100.0,72.0,IDLE
2025-06-20 10:03:27,100.0,100.0,72.0,IDLE
2025-06-20 10:03:28,100.0,100.0,72.0,IDLE
2025-06-20 10:03:29,100.0,100.0,72.0,IDLE
2025-06-20 10:03:30,100.0,100.0,72.0,IDLE
2025-06-20 10:03:31,100.0,100.0,72.0,IDLE
2025-06-20 10:03:32,100.0,100.0,72.0,IDLE
2025-06-20 10:03:33,100.0,100.0,72.0,IDLE
2025-06-20 10:03:34,100.0,100.0,72.0,IDLE
2025-06-20 10:03:35,100.0,100.0,72.0,IDLE
2025-06-20 10:03:37,100.0,100.0,72.0,IDLE
2025-06-20 10:03:38,100.0,100.0,72.0,IDLE
2025-06-20 10:03:39,100.0,100.0,72.0,IDLE
2025-06-20 10:03:40,100.0,100.0,72.0,IDLE
2025-06-20 10:03:41,100.0,100.0,72.0,IDLE
2025-06-20 10:03:42,100.0,100.0,72.0,IDLE
2025-06-20 10:03:43,100.0,100.0,72.0,IDLE
2025-06-20 10:03:44,100.0,100.0,72.0,IDLE
2025-06-20 10:03:45,100.0,100.0,72.0,IDLE
2025-06-20 10:03:46,100.0,100.0,72.0,IDLE
2025-06-20 10:03:47,100.0,100.0,72.0,IDLE
2025-06-20 10:03:48,100.0,100.0,72.0,IDLE
2025-06-20 10:03:49,100.0,100.0,72.0,IDLE
2025-06-20 10:03:50,100.0,100.0,72.0,IDLE
2025-06-20 10:03:51,100.0,100.0,72.0,IDLE
2025-06-20 10:03:52,100.0,100.0,72.0,IDLE
2025-06-20 10:03:53,100.0,100.0,72.0,IDLE
2025-06-20 10:03:54,100.0,100.0,72.0,IDLE
2025-06-20 10:03:55,100.0,100.0,72.0,IDLE
2025-06-20 10:03:56,100.0,100.0,72.0,IDLE
2025-06-20 10:03:57,100.0,100.0,72.0,IDLE
2025-06-20 10:03:58,100.0,100.0,72.0,IDLE
2025-06-20 10:03:59,100.0,100.0,72.0,IDLE
2025-06-20 10:04:00,100.0,100.0,72.0,IDLE
2025-06-20 10:04:01,100.0,100.0,72.0,IDLE
2025-06-20 10:04:02,100.0,100.0,72.0,IDLE
2025-06-20 10:04:03,100.0,100.0,72.0,IDLE
2025-06-20 10:04:04,100.0,100.0,72.0,IDLE
2025-06-20 10:04:05,100.0,100.0,72.0,IDLE
2025-06-20 10:04:06,100.0,100.0,72.0,IDLE
2025-06-20 10:04:07,100.0,100.0,72.0,IDLE
2025-06-20 10:04:08,100.0,100.0,72.0,IDLE
2025-06-20 10:04:10,100.0,100.0,72.0,IDLE
2025-06-20 10:04:11,100.0,100.0,72.0,IDLE
2025-06-20 10:04:12,100.0,100.0,72.0,IDLE
2025-06-20 10:04:13,100.0,100.0,72.0,IDLE
2025-06-20 10:04:14,100.0,100.0,72.0,IDLE
2025-06-20 10:04:15,100.0,100.0,72.0,IDLE
2025-06-20 10:04:16,100.0,100.0,72.0,IDLE
2025-06-20 10:04:17,100.0,100.0,72.0,IDLE
2025-06-20 10:04:18,100.0,100.0,72.0,IDLE
2025-06-20 10:04:19,100.0,100.0,72.0,IDLE
2025-06-20 10:04:20,100.0,100.0,72.0,IDLE
2025-06-20 10:04:21,100.0,100.0,72.0,IDLE
2025-06-20 10:04:22,100.0,100.0,72.0,IDLE
2025-06-20 10:04:23,100.0,100.0,72.0,IDLE
2025-06-20 10:04:24,100.0,100.0,72.0,IDLE
2025-06-20 10:04:25,100.0,100.0,72.0,IDLE
2025-06-20 10:04:26,100.0,100.0,72.0,IDLE
2025-06-20 10:04:27,100.0,100.0,72.0,IDLE
2025-06-20 10:04:28,100.0,100.0,72.0,IDLE
2025-06-20 10:04:29,100.0,100.0,72.0,IDLE
2025-06-20 10:04:30,100.0,100.0,72.0,IDLE
2025-06-20 10:04:31,100.0,100.0,72.0,IDLE
2025-06-20 10:04:32,100.0,100.0,72.0,IDLE
2025-06-20 10:04:33,100.0,100.0,72.0,IDLE
2025-06-20 10:04:35,100.0,100.0,72.0,IDLE
2025-06-20 10:04:36,100.0,100.0,72.0,IDLE
2025-06-20 10:04:37,100.0,100.0,72.0,IDLE
2025-06-20 10:04:38,100.0,100.0,72.0,IDLE
2025-06-20 10:04:39,100.0,100.0,72.0,IDLE
2025-06-20 10:04:40,100.0,100.0,72.0,IDLE
2025-06-20 10:04:41,100.0,100.0,72.0,IDLE
2025-06-20 10:04:42,100.0,100.0,72.0,IDLE
2025-06-20 10:04:43,100.0,100.0,72.0,IDLE
2025-06-20 10:04:44,100.0,100.0,72.0,IDLE
2025-06-20 10:04:45,100.0,100.0,72.0,IDLE
2025-06-20 10:04:46,100.0,100.0,72.0,IDLE
2025-06-20 10:04:47,100.0,100.0,72.0,IDLE
2025-06-20 10:04:48,100.0,100.0,72.0,IDLE
2025-06-20 10:04:49,100.0,100.0,72.0,IDLE
2025-06-20 10:04:50,100.0,100.0,72.0,IDLE
2025-06-20 10:04:51,100.0,100.0,72.0,IDLE
2025-06-20 10:04:52,100.0,100.0,72.0,IDLE
2025-06-20 10:04:54,100.0,100.0,72.0,IDLE
2025-06-20 10:04:55,100.0,100.0,72.0,IDLE
2025-06-20 10:04:56,100.0,100.0,72.0,IDLE
2025-06-20 10:04:57,100.0,100.0,72.0,IDLE
2025-06-20 10:04:58,100.0,100.0,72.0,IDLE
2025-06-20 10:04:59,100.0,100.0,72.0,IDLE
2025-06-20 10:05:00,100.0,100.0,72.0,IDLE
2025-06-20 10:05:01,100.0,100.0,72.0,IDLE
2025-06-20 10:05:02,100.0,100.0,72.0,IDLE
2025-06-20 10:05:03,100.0,100.0,72.0,IDLE
2025-06-20 10:05:04,100.0,100.0,72.0,IDLE
2025-06-20 10:05:05,100.0,100.0,72.0,IDLE
2025-06-20 10:05:06,100.0,100.0,72.0,IDLE
2025-06-20 10:05:07,100.0,100.0,72.0,IDLE
2025-06-20 10:05:08,100.0,100.0,72.0,IDLE
2025-06-20 10:05:09,100.0,100.0,72.0,IDLE
2025-06-20 10:05:10,100.0,100.0,72.0,IDLE
2025-06-20 10:05:11,100.0,100.0,72.0,IDLE
2025-06-20 10:05:12,100.0,100.0,72.0,IDLE
2025-06-20 10:05:13,100.0,100.0,72.0,IDLE
2025-06-20 10:05:14,100.0,100.0,72.0,IDLE
2025-06-20 10:05:15,100.0,100.0,72.0,IDLE
2025-06-20 10:05:16,100.0,100.0,72.0,IDLE
2025-06-20 10:05:17,100.0,100.0,72.0,IDLE
2025-06-20 10:05:18,100.0,100.0,72.0,IDLE
2025-06-20 10:05:19,100.0,100.0,72.0,IDLE
2025-06-20 10:05:20,100.0,100.0,72.0,IDLE
2025-06-20 10:05:21,100.0,100.0,72.0,IDLE
2025-06-20 10:05:22,100.0,100.0,72.0,IDLE
2025-06-20 10:05:23,100.0,100.0,72.0,IDLE
2025-06-20 10:05:24,100.0,100.0,72.0,IDLE
2025-06-20 10:05:25,100.0,100.0,72.0,IDLE
2025-06-20 10:05:26,100.0,100.0,72.0,IDLE
2025-06-20 10:05:27,100.0,100.0,72.0,IDLE
2025-06-20 10:05:28,100.0,100.0,72.0,IDLE
2025-06-20 10:05:29,100.0,100.0,72.0,IDLE
2025-06-20 10:05:30,100.0,100.0,72.0,IDLE
2025-06-20 10:05:31,100.0,100.0,72.0,IDLE
2025-06-20 10:05:33,100.0,100.0,74.0,IDLE
2025-06-20 10:05:34,100.0,100.0,74.0,IDLE
2025-06-20 10:05:35,100.0,100.0,74.0,IDLE
2025-06-20 10:05:36,100.0,100.0,74.0,IDLE
2025-06-20 10:05:37,100.0,100.0,74.0,IDLE
2025-06-20 10:05:38,100.0,100.0,74.0,IDLE
2025-06-20 10:05:39,100.0,100.0,74.0,IDLE
2025-06-20 10:05:40,100.0,100.0,74.0,IDLE
2025-06-20 10:05:41,100.0,100.0,74.0,IDLE
2025-06-20 10:05:42,100.0,100.0,74.0,IDLE
2025-06-20 10:05:43,100.0,100.0,74.0,IDLE
2025-06-20 10:05:44,100.0,100.0,74.0,IDLE
2025-06-20 10:05:45,100.0,100.0,74.0,IDLE
2025-06-20 10:05:46,100.0,100.0,74.0,IDLE
2025-06-20 10:05:47,100.0,100.0,74.0,IDLE
2025-06-20 10:05:48,100.0,100.0,74.0,IDLE
2025-06-20 10:05:49,100.0,100.0,74.0,IDLE
2025-06-20 10:05:50,100.0,100.0,74.0,IDLE
2025-06-20 10:05:51,100.0,100.0,74.0,IDLE
2025-06-20 10:05:52,100.0,100.0,74.0,IDLE
2025-06-20 10:05:53,100.0,100.0,74.0,IDLE
2025-06-20 10:05:54,100.0,100.0,74.0,IDLE
2025-06-20 10:05:55,100.0,100.0,74.0,IDLE
2025-06-20 10:05:56,100.0,100.0,74.0,IDLE
2025-06-20 10:05:57,100.0,100.0,74.0,IDLE
2025-06-20 10:05:58,100.0,100.0,74.0,IDLE
2025-06-20 10:05:59,100.0,100.0,74.0,IDLE
2025-06-20 10:06:00,100.0,100.0,74.0,IDLE
2025-06-20 10:06:01,100.0,100.0,74.0,IDLE
2025-06-20 10:06:02,100.0,100.0,74.0,IDLE
2025-06-20 10:06:03,100.0,100.0,74.0,IDLE
2025-06-20 10:06:04,100.0,100.0,74.0,IDLE
2025-06-20 10:06:05,100.0,100.0,74.0,IDLE
2025-06-20 10:06:06,100.0,100.0,74.0,IDLE
2025-06-20 10:06:07,100.0,100.0,74.0,IDLE
2025-06-20 10:06:08,100.0,100.0,74.0,IDLE
2025-06-20 10:06:09,100.0,100.0,74.0,IDLE
2025-06-20 10:06:10,100.0,100.0,74.0,IDLE
2025-06-20 10:06:11,100.0,100.0,74.0,IDLE
2025-06-20 10:06:12,100.0,100.0,74.0,IDLE
2025-06-20 10:06:13,100.0,100.0,74.0,IDLE
2025-06-20 10:06:14,100.0,100.0,74.0,IDLE
2025-06-20 10:06:15,100.0,100.0,74.0,IDLE
2025-06-20 10:06:16,100.0,100.0,74.0,IDLE
2025-06-20 10:06:17,100.0,100.0,74.0,IDLE
2025-06-20 10:06:18,100.0,100.0,74.0,IDLE
2025-06-20 10:06:20,100.0,100.0,74.0,IDLE
2025-06-20 10:06:21,100.0,100.0,74.0,IDLE
2025-06-20 10:06:22,100.0,100.0,74.0,IDLE
2025-06-20 10:06:23,100.0,100.0,74.0,IDLE
2025-06-20 10:06:24,100.0,100.0,74.0,IDLE
2025-06-20 10:06:25,100.0,100.0,74.0,IDLE
2025-06-20 10:06:26,100.0,100.0,74.0,IDLE
2025-06-20 10:06:27,100.0,100.0,74.0,IDLE
2025-06-20 10:06:28,100.0,100.0,74.0,IDLE
2025-06-20 10:06:29,100.0,100.0,74.0,IDLE
2025-06-20 10:06:30,100.0,100.0,74.0,IDLE
2025-06-20 10:06:31,100.0,100.0,74.0,IDLE
2025-06-20 10:06:32,100.0,100.0,74.0,IDLE
2025-06-20 10:06:33,100.0,100.0,74.0,IDLE
2025-06-20 10:06:34,100.0,100.0,74.0,IDLE
2025-06-20 10:06:35,100.0,100.0,74.0,IDLE
2025-06-20 10:06:36,100.0,100.0,74.0,IDLE
2025-06-20 10:06:37,100.0,100.0,74.0,IDLE
2025-06-20 10:06:38,100.0,100.0,74.0,IDLE
2025-06-20 10:06:39,100.0,100.0,74.0,IDLE
2025-06-20 10:06:40,100.0,100.0,74.0,IDLE
2025-06-20 10:06:41,100.0,100.0,74.0,IDLE
2025-06-20 10:06:42,100.0,100.0,74.0,IDLE
2025-06-20 10:06:43,100.0,100.0,74.0,IDLE
2025-06-20 10:06:44,100.0,100.0,74.0,IDLE
2025-06-20 10:06:45,100.0,100.0,74.0,IDLE
2025-06-20 10:06:46,100.0,100.0,74.0,IDLE
2025-06-20 10:06:47,100.0,100.0,74.0,IDLE
2025-06-20 10:06:48,100.0,100.0,74.0,IDLE
2025-06-20 10:06:49,100.0,100.0,74.0,IDLE
2025-06-20 10:06:50,100.0,100.0,74.0,IDLE
2025-06-20 10:06:51,100.0,100.0,74.0,IDLE
2025-06-20 10:06:52,100.0,100.0,74.0,IDLE
2025-06-20 10:06:53,100.0,100.0,74.0,IDLE
2025-06-20 10:06:54,100.0,100.0,74.0,IDLE
2025-06-20 10:06:55,100.0,100.0,74.0,IDLE
2025-06-20 10:06:56,100.0,100.0,74.0,IDLE
2025-06-20 10:06:57,100.0,100.0,74.0,IDLE
2025-06-20 10:06:58,100.0,100.0,74.0,IDLE
2025-06-20 10:06:59,100.0,100.0,74.0,IDLE
2025-06-20 10:07:00,100.0,100.0,74.0,IDLE
2025-06-20 10:07:01,100.0,100.0,74.0,IDLE
2025-06-20 10:07:02,100.0,100.0,74.0,IDLE
2025-06-20 10:07:03,100.0,100.0,74.0,IDLE
2025-06-20 10:07:04,100.0,100.0,74.0,IDLE
2025-06-20 10:07:05,100.0,100.0,74.0,IDLE
2025-06-20 10:07:06,100.0,100.0,74.0,IDLE
2025-06-20 10:07:07,100.0,100.0,110.0,IDLE
2025-06-20 10:07:08,100.0,100.0,110.0,IDLE
2025-06-20 10:07:09,100.0,100.0,110.0,IDLE
2025-06-20 10:07:10,100.0,100.0,110.0,IDLE
2025-06-20 10:07:11,100.0,100.0,110.0,IDLE
2025-06-20 10:07:12,100.0,100.0,72.0,HEATING
2025-06-20 10:07:13,100.0,100.0,72.0,HOLDING
2025-06-20 10:07:15,100.0,100.0,72.0,HOLDING
2025-06-20 10:07:16,100.0,100.0,72.0,HOLDING
2025-06-20 10:07:17,100.0,100.0,72.0,HOLDING
2025-06-20 10:07:18,100.0,100.0,72.0,HOLDING
2025-06-20 10:07:19,100.0,100.0,72.0,HOLDING
2025-06-20 10:07:20,100.0,100.0,72.0,HOLDING
2025-06-20 10:07:21,100.0,100.0,72.0,HOLDING
2025-06-20 10:07:22,100.0,100.0,72.0,HOLDING
2025-06-20 10:07:23,100.0,100.0,72.0,HOLDING
2025-06-20 10:07:24,100.0,100.0,72.0,HOLDING
2025-06-20 10:07:25,100.0,100.0,72.0,IDLE
2025-06-20 10:07:26,100.0,100.0,72.0,IDLE
2025-06-20 10:07:27,100.0,100.0,72.0,IDLE
2025-06-20 10:07:28,100.0,100.0,72.0,IDLE
2025-06-20 10:07:29,100.0,100.0,72.0,IDLE
2025-06-20 10:07:30,100.0,100.0,72.0,IDLE
2025-06-20 10:07:31,100.0,100.0,72.0,IDLE
2025-06-20 10:07:32,100.0,100.0,72.0,HEATING
2025-06-20 10:07:33,100.0,100.0,72.0,HOLDING
2025-06-20 10:07:34,100.0,91.0,32.0,COOLING
2025-06-20 10:07:35,85.6,82.0,32.0,COOLING
2025-06-20 10:07:36,78.4,73.0,32.0,COOLING
2025-06-20 10:07:37,71.2,64.0,32.0,COOLING
2025-06-20 10:07:38,64.0,55.0,32.0,COOLING
2025-06-20 10:07:39,56.8,46.0,32.0,IDLE
2025-06-20 10:07:40,49.6,37.0,32.0,IDLE
2025-06-20 10:07:41,42.4,28.0,32.0,IDLE
2025-06-20 10:07:42,35.2,19.0,32.0,IDLE
2025-06-20 10:07:43,28.0,10.0,32.0,IDLE
2025-06-20 10:07:44,20.8,1.0,32.0,IDLE
2025-06-20 10:07:45,13.6,0.0,32.0,IDLE
2025-06-20 10:07:46,6.4,0.0,32.0,IDLE
2025-06-20 10:07:47,0.0,0.0,32.0,IDLE
2025-06-20 10:07:48,0.0,0.0,32.0,IDLE
2025-06-20 10:07:49,0.0,0.0,32.0,IDLE
2025-06-20 10:07:50,0.0,0.0,32.0,IDLE
2025-06-20 10:07:51,0.0,0.0,32.0,IDLE
2025-06-20 10:07:52,0.0,0.0,32.0,IDLE
2025-06-20 10:07:53,0.0,0.0,32.0,IDLE
2025-06-20 10:07:54,0.0,0.0,32.0,IDLE
2025-06-20 10:07:55,0.0,0.0,32.0,IDLE
2025-06-20 10:07:56,0.0,0.0,32.0,IDLE
2025-06-20 10:07:57,0.0,0.0,32.0,IDLE
2025-06-20 10:07:58,0.0,0.0,32.0,IDLE
2025-06-20 10:07:59,0.0,0.0,32.0,IDLE
2025-06-20 10:08:00,0.0,0.0,32.0,IDLE
2025-06-20 10:08:01,0.0,0.0,72.0,IDLE
2025-06-20 10:08:02,9.0,10.0,72.0,IDLE
2025-06-20 10:08:03,18.0,20.0,72.0,IDLE
2025-06-20 10:08:04,27.0,30.0,72.0,IDLE
2025-06-20 10:08:05,36.0,40.0,72.0,IDLE
2025-06-20 10:08:06,45.0,50.0,72.0,IDLE
2025-06-20 10:08:08,54.0,60.0,72.0,IDLE
2025-06-20 10:08:09,63.0,70.0,72.0,IDLE
2025-06-20 10:08:10,72.0,80.0,72.0,IDLE
2025-06-20 10:08:11,81.0,90.0,72.0,IDLE
2025-06-20 10:08:12,90.0,100.0,72.0,IDLE
2025-06-20 10:08:13,99.0,100.0,72.0,IDLE
2025-06-20 10:08:14,100.0,100.0,72.0,IDLE
2025-06-20 10:08:15,100.0,100.0,72.0,IDLE
2025-06-20 10:08:16,100.0,100.0,72.0,IDLE
2025-06-20 10:08:17,100.0,100.0,72.0,IDLE
2025-06-20 10:08:18,100.0,100.0,72.0,IDLE
2025-06-20 10:08:19,100.0,100.0,72.0,IDLE
2025-06-20 10:08:20,100.0,100.0,72.0,IDLE
2025-06-20 10:08:21,100.0,100.0,72.0,IDLE
2025-06-20 10:08:22,100.0,100.0,72.0,IDLE
2025-06-20 10:08:23,100.0,100.0,72.0,IDLE
2025-06-20 10:08:24,100.0,100.0,32.0,IDLE
2025-06-20 10:08:25,100.0,100.0,32.0,IDLE
2025-06-20 10:08:26,92.8,82.0,32.0,IDLE
2025-06-20 10:08:27,78.4,73.0,32.0,IDLE
2025-06-20 10:08:28,71.2,64.0,32.0,IDLE
2025-06-20 10:08:29,64.0,55.0,32.0,IDLE
2025-06-20 10:08:30,56.8,46.0,32.0,IDLE
2025-06-20 10:08:31,49.6,37.0,32.0,IDLE
2025-06-20 10:08:32,42.4,28.0,32.0,IDLE
2025-06-20 10:08:33,35.2,19.0,32.0,IDLE
2025-06-20 10:08:34,28.0,10.0,32.0,IDLE
2025-06-20 10:08:35,20.8,1.0,32.0,IDLE
2025-06-20 10:08:36,13.6,0.0,32.0,IDLE
2025-06-20 10:08:37,6.4,0.0,32.0,IDLE
2025-06-20 10:08:38,0.0,0.0,32.0,IDLE
2025-06-20 10:08:39,0.0,0.0,32.0,IDLE
2025-06-20 10:08:40,0.0,0.0,32.0,IDLE
2025-06-20 10:08:41,0.0,0.0,32.0,IDLE
2025-06-20 10:08:42,0.0,0.0,32.0,IDLE
2025-06-20 10:08:43,0.0,0.0,32.0,IDLE
2025-06-20 10:08:44,0.0,0.0,32.0,IDLE
2025-06-20 10:08:45,0.0,0.0,32.0,IDLE
2025-06-20 10:08:46,0.0,0.0,32.0,IDLE
2025-06-20 10:08:47,0.0,0.0,32.0,IDLE
2025-06-20 10:08:48,0.0,0.0,32.0,IDLE
2025-06-20 10:08:49,0.0,0.0,32.0,IDLE
2025-06-20 10:08:50,0.0,0.0,32.0,IDLE
2025-06-20 10:08:51,0.0,0.0,32.0,IDLE
2025-06-20 10:08:52,0.0,0.0,32.0,IDLE
2025-06-20 10:08:54,0.0,0.0,32.0,IDLE
2025-06-20 10:08:55,0.0,0.0,32.0,IDLE
2025-06-20 10:08:56,0.0,0.0,32.0,IDLE
2025-06-20 10:08:57,0.0,0.0,32.0,IDLE
2025-06-20 10:08:58,0.0,0.0,32.0,IDLE
2025-06-20 10:08:59,0.0,0.0,32.0,IDLE
2025-06-20 10:09:00,0.0,0.0,32.0,IDLE
2025-06-20 10:09:01,0.0,0.0,32.0,IDLE
2025-06-20 10:09:02,0.0,0.0,32.0,IDLE
2025-06-20 10:09:03,0.0,0.0,32.0,IDLE
2025-06-20 10:09:04,0.0,0.0,32.0,IDLE
2025-06-20 10:09:05,0.0,0.0,32.0,IDLE
2025-06-20 10:09:06,0.0,0.0,32.0,IDLE
2025-06-20 10:09:07,0.0,0.0,32.0,IDLE
2025-06-20 10:09:08,0.0,0.0,32.0,IDLE
2025-06-20 10:09:09,0.0,0.0,32.0,IDLE
2025-06-20 10:09:10,0.0,0.0,32.0,IDLE
2025-06-20 10:09:11,0.0,0.0,32.0,IDLE
2025-06-20 10:09:12,0.0,0.0,32.0,IDLE
2025-06-20 10:09:13,0.0,0.0,32.0,IDLE
2025-06-20 10:09:14,0.0,0.0,32.0,IDLE
2025-06-20 10:09:15,0.0,0.0,32.0,IDLE
2025-06-20 10:09:16,0.0,0.0,32.0,IDLE
2025-06-20 10:09:17,0.0,0.0,32.0,IDLE
2025-06-20 10:09:18,0.0,0.0,32.0,IDLE
2025-06-20 10:09:19,0.0,0.0,32.0,IDLE
2025-06-20 10:09:20,0.0,0.0,32.0,IDLE
2025-06-20 10:09:21,0.0,0.0,32.0,IDLE
2025-06-20 10:09:22,0.0,0.0,32.0,IDLE
2025-06-20 10:09:23,0.0,0.0,32.0,IDLE
2025-06-20 10:09:24,0.0,0.0,32.0,IDLE
2025-06-20 10:09:25,0.0,0.0,32.0,IDLE
2025-06-20 10:09:26,0.0,0.0,32.0,IDLE
2025-06-20 10:09:27,0.0,0.0,32.0,IDLE
2025-06-20 10:09:28,0.0,0.0,32.0,IDLE
2025-06-20 10:09:29,0.0,0.0,32.0,IDLE
2025-06-20 10:09:30,0.0,0.0,32.0,IDLE
2025-06-20 10:09:31,0.0,0.0,32.0,IDLE
2025-06-20 10:09:32,0.0,0.0,32.0,IDLE
2025-06-20 10:09:34,0.0,0.0,32.0,IDLE
2025-06-20 10:09:35,0.0,0.0,32.0,IDLE
2025-06-20 10:09:36,0.0,0.0,32.0,IDLE
2025-06-20 10:09:37,0.0,0.0,32.0,IDLE
2025-06-20 10:09:38,0.0,0.0,32.0,IDLE
2025-06-20 10:09:39,0.0,0.0,32.0,IDLE
2025-06-20 10:09:40,0.0,0.0,32.0,IDLE
2025-06-20 10:09:41,0.0,0.0,32.0,IDLE
2025-06-20 10:09:42,0.0,0.0,32.0,IDLE
2025-06-20 10:09:43,0.0,0.0,32.0,IDLE
2025-06-20 10:09:44,0.0,0.0,32.0,IDLE
2025-06-20 10:09:45,0.0,0.0,32.0,IDLE
2025-06-20 10:09:46,0.0,0.0,32.0,IDLE
2025-06-20 10:09:47,0.0,0.0,32.0,IDLE
2025-06-20 10:09:48,0.0,0.0,32.0,IDLE
2025-06-20 10:09:49,0.0,0.0,32.0,IDLE
2025-06-20 10:09:50,0.0,0.0,32.0,IDLE
2025-06-20 10:09:51,0.0,0.0,32.0,IDLE
2025-06-20 10:09:52,0.0,0.0,32.0,IDLE
2025-06-20 10:09:53,0.0,0.0,32.0,IDLE
2025-06-20 10:09:54,0.0,0.0,32.0,IDLE
2025-06-20 10:09:55,0.0,0.0,32.0,IDLE
2025-06-20 10:09:56,0.0,0.0,32.0,IDLE
2025-06-20 10:09:57,0.0,0.0,32.0,IDLE
2025-06-20 10:09:58,0.0,0.0,32.0,IDLE
2025-06-20 10:09:59,0.0,0.0,32.0,IDLE
2025-06-20 10:10:00,0.0,0.0,32.0,IDLE
2025-06-20 10:10:01,0.0,0.0,32.0,IDLE
2025-06-20 10:10:02,0.0,0.0,32.0,IDLE
2025-06-20 10:10:03,0.0,0.0,32.0,IDLE
2025-06-20 10:10:04,0.0,0.0,32.0,IDLE
2025-06-20 10:10:05,0.0,0.0,32.0,IDLE
2025-06-20 10:10:06,0.0,0.0,32.0,IDLE
2025-06-20 10:10:07,0.0,0.0,32.0,IDLE
2025-06-20 10:10:08,0.0,0.0,32.0,IDLE
2025-06-20 10:10:09,0.0,0.0,32.0,IDLE
2025-06-20 10:10:10,0.0,0.0,32.0,IDLE
2025-06-20 10:10:11,0.0,0.0,32.0,IDLE
2025-06-20 10:10:12,0.0,0.0,32.0,IDLE
2025-06-20 10:10:13,0.0,0.0,32.0,IDLE
2025-06-20 10:10:14,0.0,0.0,32.0,IDLE
2025-06-20 10:10:15,0.0,0.0,32.0,IDLE
2025-06-20 10:10:16,0.0,0.0,32.0,IDLE
2025-06-20 10:10:17,0.0,0.0,32.0,IDLE
2025-06-20 10:10:19,0.0,0.0,32.0,IDLE
2025-06-20 10:10:20,0.0,0.0,32.0,IDLE
2025-06-20 10:10:21,0.0,0.0,32.0,IDLE
2025-06-20 10:10:22,0.0,0.0,32.0,IDLE
2025-06-20 10:10:23,0.0,0.0,32.0,IDLE
2025-06-20 10:10:24,0.0,0.0,32.0,IDLE
2025-06-20 10:10:25,0.0,0.0,32.0,IDLE
2025-06-20 10:10:26,0.0,0.0,32.0,IDLE
2025-06-20 10:10:27,0.0,0.0,32.0,IDLE
2025-06-20 10:10:28,0.0,0.0,32.0,IDLE
2025-06-20 10:10:29,0.0,0.0,32.0,IDLE
2025-06-20 10:10:30,0.0,0.0,32.0,IDLE
2025-06-20 10:10:31,0.0,0.0,32.0,IDLE
2025-06-20 10:10:32,0.0,0.0,32.0,IDLE
2025-06-20 10:10:33,0.0,0.0,32.0,IDLE
2025-06-20 10:10:35,0.0,0.0,32.0,IDLE
2025-06-20 10:10:36,0.0,0.0,32.0,IDLE
2025-06-20 10:10:37,0.0,0.0,32.0,IDLE
2025-06-20 10:10:38,0.0,0.0,32.0,IDLE
2025-06-20 10:10:39,0.0,0.0,32.0,IDLE
2025-06-20 10:10:40,0.0,0.0,32.0,IDLE
2025-06-20 10:10:41,0.0,0.0,32.0,IDLE
2025-06-20 10:10:42,0.0,0.0,32.0,IDLE
2025-06-20 10:10:43,0.0,0.0,32.0,IDLE
2025-06-20 10:10:44,0.0,0.0,32.0,IDLE
2025-06-20 10:10:45,0.0,0.0,32.0,IDLE
2025-06-20 10:10:46,0.0,0.0,32.0,IDLE
2025-06-20 10:10:47,0.0,0.0,32.0,IDLE
2025-06-20 10:10:48,0.0,0.0,32.0,IDLE
2025-06-20 10:10:49,0.0,0.0,32.0,IDLE
2025-06-20 10:10:50,0.0,0.0,32.0,IDLE
2025-06-20 10:10:51,0.0,0.0,32.0,IDLE
2025-06-20 10:10:52,0.0,0.0,32.0,IDLE
2025-06-20 10:10:53,0.0,0.0,32.0,IDLE
2025-06-20 10:10:54,0.0,0.0,32.0,IDLE
2025-06-20 10:10:55,0.0,0.0,32.0,IDLE
2025-06-20 10:10:56,0.0,0.0,32.0,IDLE
2025-06-20 10:10:57,0.0,0.0,32.0,IDLE
2025-06-20 10:10:58,0.0,0.0,32.0,IDLE
2025-06-20 10:10:59,0.0,0.0,32.0,IDLE
2025-06-20 10:11:00,0.0,0.0,32.0,IDLE
2025-06-20 10:11:01,0.0,0.0,32.0,IDLE
2025-06-20 10:11:02,0.0,0.0,32.0,IDLE
2025-06-20 10:11:03,0.0,0.0,32.0,IDLE
2025-06-20 10:11:04,0.0,0.0,32.0,IDLE
2025-06-20 10:11:05,0.0,0.0,32.0,IDLE
2025-06-20 10:11:06,0.0,0.0,32.0,IDLE
2025-06-20 10:11:07,0.0,0.0,32.0,IDLE
2025-06-20 10:11:08,0.0,0.0,32.0,IDLE
2025-06-20 10:11:09,0.0,0.0,32.0,IDLE
2025-06-20 10:11:10,0.0,0.0,32.0,IDLE
2025-06-20 10:11:11,0.0,0.0,32.0,IDLE
2025-06-20 10:11:12,0.0,0.0,32.0,IDLE
2025-06-20 10:11:13,0.0,0.0,32.0,IDLE
2025-06-20 10:11:14,0.0,0.0,32.0,IDLE
2025-06-20 10:11:16,0.0,0.0,32.0,IDLE
2025-06-20 10:11:17,0.0,0.0,32.0,IDLE
2025-06-20 10:11:18,0.0,0.0,32.0,IDLE
2025-06-20 10:11:19,0.0,0.0,32.0,IDLE
2025-06-20 10:11:20,0.0,0.0,32.0,IDLE
2025-06-20 10:11:21,0.0,0.0,32.0,IDLE
2025-06-20 10:11:22,0.0,0.0,32.0,IDLE
2025-06-20 10:11:23,0.0,0.0,32.0,IDLE
2025-06-20 10:11:24,0.0,0.0,32.0,IDLE
2025-06-20 10:11:25,0.0,0.0,32.0,IDLE
2025-06-20 10:11:26,0.0,0.0,32.0,IDLE
2025-06-20 10:11:27,0.0,0.0,32.0,IDLE
2025-06-20 10:11:29,0.0,0.0,32.0,IDLE
2025-06-20 10:11:30,0.0,0.0,32.0,IDLE
2025-06-20 10:11:31,0.0,0.0,32.0,IDLE
2025-06-20 10:11:32,0.0,0.0,32.0,IDLE
2025-06-20 10:11:33,0.0,0.0,32.0,IDLE
2025-06-20 10:11:34,0.0,0.0,32.0,IDLE
2025-06-20 10:11:35,0.0,0.0,32.0,IDLE
2025-06-20 10:11:36,0.0,0.0,32.0,IDLE
2025-06-20 10:11:37,0.0,0.0,32.0,IDLE
2025-06-20 10:11:38,0.0,0.0,32.0,IDLE
2025-06-20 10:11:39,0.0,0.0,32.0,IDLE
2025-06-20 10:11:40,0.0,0.0,32.0,IDLE
2025-06-20 10:11:41,0.0,0.0,32.0,IDLE
2025-06-20 10:11:42,0.0,0.0,32.0,IDLE
2025-06-20 10:11:43,0.0,0.0,32.0,IDLE
2025-06-20 10:11:44,0.0,0.0,32.0,IDLE
2025-06-20 10:11:45,0.0,0.0,32.0,IDLE
2025-06-20 10:11:46,0.0,0.0,32.0,IDLE
2025-06-20 10:11:47,0.0,0.0,32.0,IDLE
2025-06-20 10:11:48,0.0,0.0,32.0,IDLE
2025-06-20 10:11:49,0.0,0.0,32.0,IDLE
2025-06-20 10:11:50,0.0,0.0,32.0,IDLE
2025-06-20 10:11:51,0.0,0.0,32.0,IDLE
2025-06-20 10:11:52,0.0,0.0,32.0,IDLE
2025-06-20 10:11:53,0.0,0.0,32.0,IDLE
2025-06-20 10:11:54,0.0,0.0,32.0,IDLE
2025-06-20 10:11:55,0.0,0.0,32.0,IDLE
2025-06-20 10:11:56,0.0,0.0,32.0,IDLE
2025-06-20 10:11:57,0.0,0.0,32.0,IDLE
2025-06-20 10:11:58,0.0,0.0,32.0,IDLE
2025-06-20 10:11:59,0.0,0.0,32.0,IDLE
2025-06-20 10:12:00,0.0,0.0,32.0,IDLE
2025-06-20 10:12:01,0.0,0.0,32.0,IDLE
2025-06-20 10:12:02,0.0,0.0,32.0,IDLE
2025-06-20 10:12:03,0.0,0.0,32.0,IDLE
2025-06-20 10:12:05,0.0,0.0,32.0,IDLE
2025-06-20 10:12:06,0.0,0.0,32.0,IDLE
2025-06-20 10:12:07,0.0,0.0,32.0,IDLE
2025-06-20 10:12:08,0.0,0.0,32.0,IDLE
2025-06-20 10:12:09,0.0,0.0,32.0,IDLE
2025-06-20 10:12:10,0.0,0.0,32.0,IDLE
2025-06-20 10:12:11,0.0,0.0,32.0,IDLE
2025-06-20 10:12:12,0.0,0.0,32.0,IDLE
2025-06-20 10:12:13,0.0,0.0,32.0,IDLE
2025-06-20 10:12:14,0.0,0.0,32.0,IDLE
2025-06-20 10:12:15,0.0,0.0,32.0,IDLE
2025-06-20 10:12:16,0.0,0.0,32.0,IDLE
2025-06-20 10:12:17,0.0,0.0,32.0,IDLE
2025-06-20 10:12:18,0.0,0.0,32.0,IDLE
2025-06-20 10:12:19,0.0,0.0,32.0,IDLE
2025-06-20 10:12:20,0.0,0.0,32.0,IDLE
2025-06-20 10:12:21,0.0,0.0,32.0,IDLE
2025-06-20 10:12:23,0.0,0.0,32.0,IDLE
2025-06-20 10:12:24,0.0,0.0,32.0,IDLE
2025-06-20 10:12:25,0.0,0.0,32.0,IDLE
2025-06-20 10:12:26,0.0,0.0,32.0,IDLE
2025-06-20 10:12:27,0.0,0.0,32.0,IDLE
2025-06-20 10:12:28,0.0,0.0,32.0,IDLE
2025-06-20 10:12:29,0.0,0.0,32.0,IDLE
2025-06-20 10:12:30,0.0,0.0,32.0,IDLE
2025-06-20 10:12:31,0.0,0.0,32.0,IDLE
2025-06-20 10:12:32,0.0,0.0,32.0,IDLE
2025-06-20 10:12:33,0.0,0.0,32.0,IDLE
2025-06-20 10:12:34,0.0,0.0,32.0,IDLE
2025-06-20 10:12:35,0.0,0.0,32.0,IDLE
2025-06-20 10:12:36,0.0,0.0,32.0,IDLE
2025-06-20 10:12:37,0.0,0.0,32.0,IDLE
2025-06-20 10:12:38,0.0,0.0,32.0,IDLE
2025-06-20 10:12:39,0.0,0.0,32.0,IDLE
2025-06-20 10:12:40,0.0,0.0,32.0,IDLE
2025-06-20 10:12:41,0.0,0.0,32.0,IDLE
2025-06-20 10:12:42,0.0,0.0,32.0,IDLE
2025-06-20 10:12:43,0.0,0.0,32.0,IDLE
2025-06-20 10:12:44,0.0,0.0,32.0,IDLE
2025-06-20 10:12:45,0.0,0.0,32.0,IDLE
2025-06-20 10:12:47,0.0,0.0,32.0,IDLE
2025-06-20 10:12:48,0.0,0.0,32.0,IDLE
2025-06-20 10:12:49,0.0,0.0,32.0,IDLE
2025-06-20 10:12:50,0.0,0.0,32.0,IDLE
2025-06-20 10:12:51,0.0,0.0,32.0,IDLE
2025-06-20 10:12:52,0.0,0.0,32.0,IDLE
2025-06-20 10:12:53,0.0,0.0,32.0,IDLE
2025-06-20 10:12:54,0.0,0.0,32.0,IDLE
2025-06-20 10:12:55,0.0,0.0,32.0,IDLE
2025-06-20 10:12:56,0.0,0.0,32.0,IDLE
2025-06-20 10:12:58,0.0,0.0,32.0,IDLE
2025-06-20 10:12:59,0.0,0.0,32.0,IDLE
2025-06-20 10:13:00,0.0,0.0,32.0,IDLE
2025-06-20 10:13:01,0.0,0.0,32.0,IDLE
2025-06-20 10:13:02,0.0,0.0,32.0,IDLE
2025-06-20 10:13:03,0.0,0.0,32.0,IDLE
2025-06-20 10:13:04,0.0,0.0,32.0,IDLE
2025-06-20 10:13:05,0.0,0.0,32.0,IDLE
2025-06-20 10:13:06,0.0,0.0,32.0,IDLE
2025-06-20 10:13:08,0.0,0.0,32.0,IDLE
2025-06-20 10:13:09,0.0,0.0,32.0,IDLE
2025-06-20 10:13:10,0.0,0.0,32.0,IDLE
2025-06-20 10:13:11,0.0,0.0,32.0,IDLE
2025-06-20 10:13:12,0.0,0.0,32.0,IDLE
2025-06-20 10:13:13,0.0,0.0,32.0,IDLE
2025-06-20 10:13:14,0.0,0.0,32.0,IDLE
2025-06-20 10:13:15,0.0,0.0,32.0,IDLE
2025-06-20 10:13:16,0.0,0.0,32.0,IDLE
2025-06-20 10:13:17,0.0,0.0,32.0,IDLE
2025-06-20 10:13:18,0.0,0.0,32.0,IDLE
2025-06-20 10:13:19,0.0,0.0,32.0,IDLE
2025-06-20 10:13:28,25.0,25.0,IDLE
2025-06-20 10:13:29,25.0,25.0,IDLE
2025-06-20 10:13:30,25.0,25.0,IDLE
2025-06-20 10:13:31,25.0,25.0,IDLE
2025-06-20 10:13:32,25.0,25.0,IDLE
2025-06-20 10:13:33,25.0,25.0,IDLE
2025-06-20 10:13:34,25.0,25.0,IDLE
2025-06-20 10:13:35,25.0,25.0,IDLE
2025-06-20 10:13:36,25.0,25.0,IDLE
2025-06-20 10:13:37,25.0,25.0,IDLE
2025-06-20 10:13:38,25.0,25.0,IDLE
2025-06-20 10:13:39,25.0,25.0,IDLE
2025-06-20 10:13:40,25.0,25.0,IDLE
2025-06-20 10:13:41,25.0,25.0,IDLE
2025-06-20 10:13:42,25.0,25.0,IDLE
2025-06-20 10:13:43,25.0,25.0,IDLE
2025-06-20 10:13:44,25.0,25.0,IDLE
2025-06-20 10:13:45,25.0,25.0,IDLE
2025-06-20 10:13:46,25.0,25.0,IDLE
2025-06-20 10:13:47,25.0,25.0,IDLE
2025-06-20 10:13:48,25.0,25.0,IDLE
2025-06-20 10:13:49,25.0,25.0,IDLE
2025-06-20 10:13:50,25.0,25.0,IDLE
2025-06-20 10:13:51,25.0,25.0,IDLE
2025-06-20 10:13:52,25.0,25.0,IDLE
2025-06-20 10:13:53,25.0,25.0,IDLE
2025-06-20 10:13:54,25.0,25.0,IDLE
2025-06-20 10:13:55,25.0,25.0,HEATING
2025-06-20 10:13:56,34.0,35.0,HEATING
2025-06-20 10:13:57,43.0,45.0,HEATING
2025-06-20 10:13:58,52.0,55.0,HEATING
2025-06-20 10:13:59,61.0,65.0,HEATING
2025-06-20 10:14:00,70.0,75.0,HEATING
2025-06-20 10:14:01,79.0,85.0,HEATING
2025-06-20 10:14:02,88.0,95.0,HEATING
2025-06-20 10:14:03,97.0,100.0,HEATING
2025-06-20 10:14:04,100.0,100.0,HOLDING
2025-06-20 10:14:06,100.0,100.0,HOLDING
2025-06-20 10:14:07,100.0,100.0,HOLDING
2025-06-20 10:14:08,100.0,100.0,HOLDING
2025-06-20 10:14:09,100.0,100.0,COOLING
2025-06-20 10:14:10,92.8,82.0,COOLING
2025-06-20 10:14:11,78.4,73.0,COOLING
2025-06-20 10:14:12,71.2,64.0,COOLING
2025-06-20 10:14:13,64.0,55.0,COOLING
2025-06-20 10:14:14,56.8,46.0,COOLING
2025-06-20 10:14:15,49.6,37.0,COOLING
2025-06-20 10:14:16,42.4,28.0,COOLING
2025-06-20 10:14:17,35.2,19.0,COOLING
2025-06-20 10:14:18,28.0,10.0,COOLING
2025-06-20 10:14:19,20.8,1.0,COOLING
2025-06-20 10:14:20,13.6,0.0,COOLING
2025-06-20 10:14:21,6.4,0.0,COOLING
2025-06-20 10:14:22,0.0,0.0,COMPLETE
2025-06-20 10:14:24,0.0,0.0,COMPLETE
2025-06-20 10:14:25,0.0,0.0,COMPLETE
2025-06-20 10:14:26,0.0,0.0,COMPLETE
2025-06-20 10:14:27,0.0,0.0,COMPLETE
2025-06-20 10:14:28,0.0,0.0,COMPLETE
2025-06-20 10:14:29,0.0,0.0,COMPLETE
2025-06-20 10:14:30,0.0,0.0,COMPLETE
2025-06-20 10:14:31,0.0,0.0,COMPLETE
2025-06-20 10:14:32,0.0,0.0,COMPLETE
2025-06-20 10:14:33,0.0,0.0,COMPLETE
2025-06-20 10:14:34,0.0,0.0,COMPLETE
2025-06-20 10:14:35,0.0,0.0,COMPLETE
2025-06-20 10:14:36,0.0,0.0,COMPLETE
2025-06-20 10:14:37,0.0,0.0,COMPLETE
2025-06-20 10:14:38,0.0,0.0,COMPLETE
2025-06-20 10:14:39,0.0,0.0,COMPLETE
2025-06-20 10:14:40,0.0,0.0,COMPLETE
2025-06-20 10:14:41,0.0,0.0,COMPLETE
2025-06-20 10:14:42,0.0,0.0,COMPLETE
2025-06-20 10:14:43,0.0,0.0,COMPLETE
2025-06-20 10:14:44,0.0,0.0,COMPLETE
2025-06-20 10:14:45,0.0,0.0,COMPLETE
2025-06-20 10:14:46,0.0,0.0,COMPLETE
2025-06-20 10:14:47,0.0,0.0,COMPLETE
2025-06-20 10:14:48,0.0,0.0,COMPLETE
2025-06-20 10:14:49,0.0,0.0,COMPLETE
2025-06-20 10:14:50,0.0,0.0,COMPLETE
2025-06-20 10:14:51,0.0,0.0,COMPLETE
2025-06-20 10:14:52,0.0,0.0,COMPLETE
2025-06-20 10:14:53,0.0,0.0,COMPLETE
2025-06-20 10:14:54,0.0,0.0,COMPLETE
2025-06-20 10:14:55,0.0,0.0,COMPLETE
2025-06-20 10:14:56,0.0,0.0,COMPLETE
2025-06-20 10:14:57,0.0,0.0,COMPLETE
2025-06-20 10:14:58,0.0,0.0,COMPLETE
2025-06-20 10:14:59,0.0,0.0,COMPLETE
2025-06-20 10:15:00,0.0,0.0,COMPLETE
2025-06-20 10:15:01,0.0,0.0,COMPLETE
2025-06-20 10:15:02,0.0,0.0,COMPLETE
2025-06-20 10:15:38,25.0,25.0,IDLE
2025-06-20 10:15:39,25.0,25.0,IDLE
2025-06-20 10:15:40,25.0,25.0,IDLE
2025-06-20 10:15:41,25.0,25.0,IDLE
2025-06-20 10:15:42,25.0,25.0,IDLE
2025-06-20 10:15:43,25.0,25.0,IDLE
2025-06-20 10:15:44,25.0,25.0,IDLE
2025-06-20 10:15:45,25.0,25.0,IDLE
2025-06-20 10:15:46,25.0,25.0,IDLE
2025-06-20 10:15:47,25.0,25.0,IDLE
2025-06-20 10:15:48,25.0,25.0,IDLE
2025-06-20 10:15:49,25.0,25.0,IDLE
2025-06-20 10:15:50,25.0,25.0,IDLE
2025-06-20 10:15:51,25.0,25.0,IDLE
2025-06-20 10:15:52,25.0,25.0,HEATING
2025-06-20 10:15:54,28.6,29.0,HEATING
2025-06-20 10:15:55,32.2,33.0,HEATING
2025-06-20 10:15:56,35.8,37.0,HEATING
2025-06-20 10:15:57,39.4,41.0,HEATING
2025-06-20 10:15:58,43.0,45.0,HEATING
2025-06-20 10:15:59,46.6,49.0,HEATING
2025-06-20 10:16:00,50.2,53.0,HEATING
2025-06-20 10:16:01,53.8,57.0,HEATING
2025-06-20 10:16:02,57.4,61.0,HEATING
2025-06-20 10:16:03,61.0,65.0,HEATING
2025-06-20 10:16:04,64.6,69.0,HEATING
2025-06-20 10:16:05,68.2,73.0,HEATING
2025-06-20 10:16:06,71.8,77.0,HEATING
2025-06-20 10:16:07,75.4,81.0,HEATING
2025-06-20 10:16:08,75.4,81.0,HOLDING
2025-06-20 10:16:09,75.4,81.0,HOLDING
2025-06-20 10:16:10,75.4,81.0,HOLDING
2025-06-20 10:16:11,75.4,81.0,HOLDING
2025-06-20 10:16:12,75.4,81.0,COOLING
2025-06-20 10:16:13,75.4,75.0,COOLING
2025-06-20 10:16:14,70.6,72.0,COOLING
2025-06-20 10:16:15,68.2,69.0,COOLING
2025-06-20 10:16:16,65.8,66.0,COOLING
2025-06-20 10:16:17,63.4,63.0,COOLING
2025-06-20 10:16:18,61.0,60.0,COOLING
2025-06-20 10:16:19,58.6,57.0,COOLING
2025-06-20 10:16:20,56.2,54.0,COOLING
2025-06-20 10:16:21,53.8,51.0,IDLE
2025-06-20 10:16:22,53.8,51.0,IDLE
2025-06-20 10:16:23,53.8,51.0,IDLE
2025-06-20 10:16:24,53.8,51.0,IDLE
2025-06-20 10:16:25,53.8,51.0,IDLE
2025-06-20 10:16:26,53.8,51.0,IDLE
2025-06-20 10:16:27,53.8,51.0,IDLE
2025-06-20 10:16:28,53.8,51.0,IDLE
2025-06-20 10:16:29,53.8,51.0,IDLE
2025-06-20 10:16:30,53.8,51.0,IDLE
2025-06-20 10:16:31,53.8,51.0,IDLE
2025-06-20 10:16:32,53.8,51.0,IDLE
2025-06-20 10:16:33,53.8,51.0,IDLE
2025-06-20 10:16:34,53.8,51.0,IDLE
2025-06-20 10:16:35,53.8,51.0,IDLE
2025-06-20 10:16:36,53.8,51.0,IDLE
2025-06-20 10:16:37,53.8,51.0,IDLE
2025-06-20 10:16:38,53.8,51.0,IDLE
2025-06-20 10:16:39,53.8,51.0,IDLE
2025-06-20 10:16:40,53.8,51.0,IDLE
2025-06-20 10:16:41,53.8,51.0,IDLE
2025-06-20 10:16:42,53.8,51.0,IDLE
2025-06-20 10:16:43,53.8,51.0,IDLE
2025-06-20 10:16:44,53.8,51.0,IDLE
2025-06-20 10:16:45,53.8,51.0,IDLE
2025-06-20 10:16:46,53.8,51.0,IDLE
2025-06-20 10:16:47,53.8,51.0,IDLE
2025-06-20 10:16:48,53.8,51.0,IDLE
2025-06-20 10:16:49,53.8,51.0,IDLE
2025-06-20 10:16:50,53.8,51.0,IDLE
2025-06-20 10:16:51,53.8,51.0,IDLE
2025-06-20 10:16:52,53.8,51.0,IDLE
2025-06-20 10:16:53,53.8,51.0,IDLE
2025-06-20 10:16:54,53.8,51.0,IDLE
2025-06-20 10:16:55,53.8,51.0,IDLE
2025-06-20 10:16:56,53.8,51.0,IDLE
2025-06-20 10:16:57,53.8,51.0,IDLE
2025-06-20 10:16:59,53.8,51.0,IDLE
2025-06-20 10:17:00,53.8,51.0,IDLE
2025-06-20 10:17:01,53.8,51.0,IDLE
2025-06-20 10:17:02,53.8,51.0,IDLE
2025-06-20 10:17:03,53.8,51.0,IDLE
2025-06-20 10:17:04,53.8,51.0,IDLE
2025-06-20 10:17:05,53.8,51.0,IDLE
2025-06-20 10:17:06,53.8,51.0,IDLE
2025-06-20 10:17:07,53.8,51.0,IDLE
2025-06-20 10:17:08,53.8,51.0,IDLE
2025-06-20 10:17:09,53.8,51.0,IDLE
2025-06-20 10:17:10,53.8,51.0,IDLE
2025-06-20 10:17:11,53.8,51.0,IDLE
2025-06-20 10:17:12,53.8,51.0,IDLE
2025-06-20 10:17:13,53.8,51.0,IDLE
2025-06-20 10:17:14,53.8,51.0,IDLE
2025-06-20 10:17:15,53.8,51.0,IDLE
2025-06-20 10:17:16,53.8,51.0,IDLE
2025-06-20 10:17:17,53.8,51.0,IDLE
2025-06-20 10:17:18,53.8,51.0,IDLE
2025-06-20 10:17:19,53.8,51.0,IDLE
2025-06-20 10:17:20,53.8,51.0,IDLE
2025-06-20 10:17:21,53.8,51.0,IDLE
2025-06-20 10:17:22,53.8,51.0,IDLE
2025-06-20 10:17:23,53.8,51.0,IDLE
2025-06-20 10:17:24,53.8,51.0,IDLE
2025-06-20 10:17:25,53.8,51.0,IDLE
2025-06-20 10:17:26,53.8,51.0,IDLE
2025-06-20 10:17:27,53.8,51.0,IDLE
2025-06-20 10:17:28,53.8,51.0,IDLE
2025-06-20 10:17:29,53.8,51.0,IDLE
2025-06-20 10:17:30,53.8,51.0,IDLE
2025-06-20 10:17:31,53.8,51.0,IDLE
2025-06-20 10:17:32,53.8,51.0,IDLE
2025-06-20 10:17:33,53.8,51.0,IDLE
2025-06-20 10:17:34,53.8,51.0,IDLE
2025-06-20 10:17:35,53.8,51.0,IDLE
2025-06-20 10:17:36,53.8,51.0,IDLE
2025-06-20 10:17:37,53.8,51.0,IDLE
2025-06-20 10:17:38,53.8,51.0,IDLE
2025-06-20 10:17:39,53.8,51.0,IDLE
2025-06-20 10:17:40,53.8,51.0,IDLE
2025-06-20 10:17:41,53.8,51.0,IDLE
2025-06-20 10:17:42,53.8,51.0,IDLE
2025-06-20 10:17:43,53.8,51.0,IDLE
2025-06-20 10:17:44,53.8,51.0,IDLE
2025-06-20 10:17:46,53.8,51.0,IDLE
2025-06-20 10:17:47,53.8,51.0,IDLE
2025-06-20 10:17:48,53.8,51.0,IDLE
2025-06-20 10:17:49,53.8,51.0,IDLE
2025-06-20 10:17:50,53.8,51.0,IDLE
2025-06-20 10:17:51,53.8,51.0,IDLE
2025-06-20 10:17:52,53.8,51.0,IDLE
2025-06-20 10:17:53,53.8,51.0,IDLE
2025-06-20 10:17:54,53.8,51.0,IDLE
2025-06-20 10:17:55,53.8,51.0,IDLE
2025-06-20 10:17:56,53.8,51.0,IDLE
2025-06-20 10:17:57,53.8,51.0,IDLE
2025-06-20 10:17:58,53.8,51.0,IDLE
2025-06-20 10:17:59,53.8,51.0,IDLE
2025-06-20 10:18:00,53.8,51.0,IDLE
2025-06-20 10:18:01,53.8,51.0,IDLE
2025-06-20 10:18:02,53.8,51.0,IDLE
2025-06-20 10:18:04,53.8,51.0,IDLE
2025-06-20 10:18:05,53.8,51.0,IDLE
2025-06-20 10:18:06,53.8,51.0,IDLE
2025-06-20 10:18:07,53.8,51.0,IDLE
2025-06-20 10:18:08,53.8,51.0,IDLE
2025-06-20 10:18:09,53.8,51.0,IDLE
2025-06-20 10:18:10,53.8,51.0,IDLE
